ds,Predicted,Year,Actual,Model,Region,MAPE_%
2010-01-01,266834.47940226,2010,307811.0,3 Series,Africa,6.517786106559089
2011-01-01,265787.6909324012,2011,260991.0,3 Series,Africa,6.517786106559089
2012-01-01,264740.90246369055,2012,226635.0,3 Series,Africa,6.517786106559089
2013-01-01,263691.2460831555,2013,287991.0,3 Series,Africa,6.517786106559089
2014-01-01,262644.4576156058,2014,241139.0,3 Series,Africa,6.517786106559089
2015-01-01,261597.66915156372,2015,251734.0,3 Series,Africa,6.517786106559089
2016-01-01,260550.880687672,2016,237034.0,3 Series,Africa,6.517786106559089
2017-01-01,259501.22430909352,2017,242905.0,3 Series,Africa,6.517786106559089
2018-01-01,258454.43584256398,2018,267664.0,3 Series,Africa,6.517786106559089
2019-01-01,257407.64737632588,2019,306965.0,3 Series,Africa,6.517786106559089
2020-01-01,256360.85890907215,2020,253404.0,3 Series,Africa,6.517786106559089
2021-01-01,255311.20252601657,2021,269628.0,3 Series,Africa,6.517786106559089
2022-01-01,254264.4140578716,2022,233986.0,3 Series,Africa,6.517786106559089
2023-01-01,253217.62558972667,2023,247395.0,3 Series,Africa,6.517786106559089
2024-01-01,252170.8371215817,2024,257313.0,3 Series,Africa,6.517786106559089
2025-01-01,251121.18073982536,2025,,3 Series,Africa,6.517786106559089
2026-01-01,250074.3922716804,2026,,3 Series,Africa,6.517786106559089
2027-01-01,249027.60380353546,2027,,3 Series,Africa,6.517786106559089
2028-01-01,247980.81533539048,2028,,3 Series,Africa,6.517786106559089
2029-01-01,246931.15895363418,2029,,3 Series,Africa,6.517786106559089
2010-01-01,265872.22479848,2010,225158.0,3 Series,Asia,14.446946633283122
2011-01-01,265636.2082082552,2011,263240.0,3 Series,Asia,14.446946633283122
2012-01-01,265400.19162019924,2012,242459.0,3 Series,Asia,14.446946633283122
2013-01-01,265163.52841594693,2013,258099.0,3 Series,Asia,14.446946633283122
2014-01-01,264927.5118347877,2014,331844.0,3 Series,Asia,14.446946633283122
2015-01-01,264691.4952583132,2015,308832.0,3 Series,Asia,14.446946633283122
2016-01-01,264455.47868883424,2016,290148.0,3 Series,Asia,14.446946633283122
2017-01-01,264218.8154891107,2017,276951.0,3 Series,Asia,14.446946633283122
2018-01-01,263982.7989069566,2018,305048.0,3 Series,Asia,14.446946633283122
2019-01-01,263746.7823237515,2019,189186.0,3 Series,Asia,14.446946633283122
2020-01-01,263510.76573946787,2020,167846.0,3 Series,Asia,14.446946633283122
2021-01-01,263274.10253716854,2021,258203.0,3 Series,Asia,14.446946633283122
2022-01-01,263038.08594880014,2022,325696.0,3 Series,Asia,14.446946633283122
2023-01-01,262802.0693604317,2023,242536.0,3 Series,Asia,14.446946633283122
2024-01-01,262566.05277206324,2024,276993.0,3 Series,Asia,14.446946633283122
2025-01-01,262329.38956290483,2025,,3 Series,Asia,14.446946633283122
2026-01-01,262093.37297453638,2026,,3 Series,Asia,14.446946633283122
2027-01-01,261857.35638616793,2027,,3 Series,Asia,14.446946633283122
2028-01-01,261621.33979779953,2028,,3 Series,Asia,14.446946633283122
2029-01-01,261384.67658864107,2029,,3 Series,Asia,14.446946633283122
2010-01-01,259570.41441075,2010,326265.0,3 Series,Europe,5.768810742478727
2011-01-01,260234.39994915077,2011,243934.0,3 Series,Europe,5.768810742478727
2012-01-01,260898.38550330471,2012,243915.0,3 Series,Europe,5.768810742478727
2013-01-01,261564.19019542003,2013,259450.0,3 Series,Europe,5.768810742478727
2014-01-01,262228.1757434244,2014,254164.0,3 Series,Europe,5.768810742478727
2015-01-01,262892.16130855365,2015,225835.0,3 Series,Europe,5.768810742478727
2016-01-01,263556.14686174085,2016,266427.0,3 Series,Europe,5.768810742478727
2017-01-01,264221.95156213606,2017,228669.0,3 Series,Europe,5.768810742478727
2018-01-01,264885.9371423181,2018,268232.0,3 Series,Europe,5.768810742478727
2019-01-01,265549.92272353393,2019,253537.0,3 Series,Europe,5.768810742478727
2020-01-01,266213.9083194991,2020,318057.0,3 Series,Europe,5.768810742478727
2021-01-01,266879.71306359617,2021,264712.0,3 Series,Europe,5.768810742478727
2022-01-01,267543.6986561995,2022,247522.0,3 Series,Europe,5.768810742478727
2023-01-01,268207.6842488029,2023,288217.0,3 Series,Europe,5.768810742478727
2024-01-01,268871.6698414062,2024,270994.0,3 Series,Europe,5.768810742478727
2025-01-01,269537.4745726194,2025,,3 Series,Europe,5.768810742478727
2026-01-01,270201.46016522276,2026,,3 Series,Europe,5.768810742478727
2027-01-01,270865.4457578261,2027,,3 Series,Europe,5.768810742478727
2028-01-01,271529.4313504295,2028,,3 Series,Europe,5.768810742478727
2029-01-01,272195.2360816427,2029,,3 Series,Europe,5.768810742478727
2010-01-01,247055.27365129002,2010,220505.0,3 Series,Middle East,21.277453403197402
2011-01-01,248800.8081082859,2011,271006.0,3 Series,Middle East,21.277453403197402
2012-01-01,250546.34256624652,2012,235743.0,3 Series,Middle East,21.277453403197402
2013-01-01,252296.65931359728,2013,218998.0,3 Series,Middle East,21.277453403197402
2014-01-01,254042.19377594153,2014,288879.0,3 Series,Middle East,21.277453403197402
2015-01-01,255787.72823718982,2015,308969.0,3 Series,Middle East,21.277453403197402
2016-01-01,257533.26269797,2016,263645.0,3 Series,Middle East,21.277453403197402
2017-01-01,259283.57944228864,2017,202691.0,3 Series,Middle East,21.277453403197402
2018-01-01,261029.11389969822,2018,274021.0,3 Series,Middle East,21.277453403197402
2019-01-01,262774.6483567802,2019,202863.0,3 Series,Middle East,21.277453403197402
2020-01-01,264520.1828182603,2020,324386.0,3 Series,Middle East,21.277453403197402
2021-01-01,266270.49956128537,2021,332513.0,3 Series,Middle East,21.277453403197402
2022-01-01,268016.0340153539,2022,256234.0,3 Series,Middle East,21.277453403197402
2023-01-01,269761.5684694224,2023,225688.0,3 Series,Middle East,21.277453403197402
2024-01-01,271507.1029234909,2024,263226.0,3 Series,Middle East,21.277453403197402
2025-01-01,273257.41966373497,2025,,3 Series,Middle East,21.277453403197402
2026-01-01,275002.9541178035,2026,,3 Series,Middle East,21.277453403197402
2027-01-01,276748.488571872,2027,,3 Series,Middle East,21.277453403197402
2028-01-01,278494.02302594046,2028,,3 Series,Middle East,21.277453403197402
2029-01-01,280244.33976618457,2029,,3 Series,Middle East,21.277453403197402
2010-01-01,255366.23671032,2010,304705.0,3 Series,North America,16.0685201055822
2011-01-01,255828.6456819131,2011,243273.0,3 Series,North America,16.0685201055822
2012-01-01,256291.05465504603,2012,222370.0,3 Series,North America,16.0685201055822
2013-01-01,256754.7305046477,2013,163600.0,3 Series,North America,16.0685201055822
2014-01-01,257217.13948418156,2014,291277.0,3 Series,North America,16.0685201055822
2015-01-01,257679.54846218365,2015,282387.0,3 Series,North America,16.0685201055822
2016-01-01,258141.95744422628,2016,359196.0,3 Series,North America,16.0685201055822
2017-01-01,258605.63329521377,2017,211302.0,3 Series,North America,16.0685201055822
2018-01-01,259068.04227169591,2018,254334.0,3 Series,North America,16.0685201055822
2019-01-01,259530.4512464327,2019,221056.0,3 Series,North America,16.0685201055822
2020-01-01,259992.8602238845,2020,258168.0,3 Series,North America,16.0685201055822
2021-01-01,260456.53607254094,2021,257537.0,3 Series,North America,16.0685201055822
2022-01-01,260918.94504529974,2022,296343.0,3 Series,North America,16.0685201055822
2023-01-01,261381.3540180586,2023,299964.0,3 Series,North America,16.0685201055822
2024-01-01,261843.7629908174,2024,213765.0,3 Series,North America,16.0685201055822
2025-01-01,262307.43883747415,2025,,3 Series,North America,16.0685201055822
2026-01-01,262769.847810233,2026,,3 Series,North America,16.0685201055822
2027-01-01,263232.2567829918,2027,,3 Series,North America,16.0685201055822
2028-01-01,263694.6657557506,2028,,3 Series,North America,16.0685201055822
2029-01-01,264158.3416024074,2029,,3 Series,North America,16.0685201055822
2010-01-01,255360.6393496,2010,263325.0,3 Series,South America,14.468921996955576
2011-01-01,254098.32626235968,2011,190658.0,3 Series,South America,14.468921996955576
2012-01-01,252836.0131842823,2012,207030.0,3 Series,South America,14.468921996955576
2013-01-01,251570.24169988497,2013,260392.0,3 Series,South America,14.468921996955576
2014-01-01,250307.92861849855,2014,275242.0,3 Series,South America,14.468921996955576
2015-01-01,249045.6155412365,2015,242742.0,3 Series,South America,14.468921996955576
2016-01-01,247783.30245991392,2016,295648.0,3 Series,South America,14.468921996955576
2017-01-01,246517.5309610198,2017,334864.0,3 Series,South America,14.468921996955576
2018-01-01,245255.21786670585,2018,250739.0,3 Series,South America,14.468921996955576
2019-01-01,243992.90475363124,2019,286328.0,3 Series,South America,14.468921996955576
2020-01-01,242730.59163434492,2020,215790.0,3 Series,South America,14.468921996955576
2021-01-01,241464.82011267403,2021,196791.0,3 Series,South America,14.468921996955576
2022-01-01,240202.50698712986,2022,242121.0,3 Series,South America,14.468921996955576
2023-01-01,238940.19386158575,2023,206956.0,3 Series,South America,14.468921996955576
2024-01-01,237677.8807360416,2024,229269.0,3 Series,South America,14.468921996955576
2025-01-01,236412.1092183727,2025,,3 Series,South America,14.468921996955576
2026-01-01,235149.79609282856,2026,,3 Series,South America,14.468921996955576
2027-01-01,233887.4829672844,2027,,3 Series,South America,14.468921996955576
2028-01-01,232625.16984174028,2028,,3 Series,South America,14.468921996955576
2029-01-01,231359.39832407134,2029,,3 Series,South America,14.468921996955576
2010-01-01,261498.18812658,2010,251656.0,5 Series,Africa,14.487394107321883
2011-01-01,262430.9207785185,2011,256275.0,5 Series,Africa,14.487394107321883
2012-01-01,263363.6532824843,2012,240305.0,5 Series,Africa,14.487394107321883
2013-01-01,264298.9411688447,2013,290503.0,5 Series,Africa,14.487394107321883
2014-01-01,265231.6738064275,2014,273337.0,5 Series,Africa,14.487394107321883
2015-01-01,266164.40654956625,2015,306543.0,5 Series,Africa,14.487394107321883
2016-01-01,267097.1394874313,2016,246965.0,5 Series,Africa,14.487394107321883
2017-01-01,268032.42777103174,2017,293618.0,5 Series,Africa,14.487394107321883
2018-01-01,268965.16079894674,2018,234590.0,5 Series,Africa,14.487394107321883
2019-01-01,269897.89376882504,2019,267534.0,5 Series,Africa,14.487394107321883
2020-01-01,270830.62690947915,2020,296372.0,5 Series,Africa,14.487394107321883
2021-01-01,271765.91568632645,2021,222582.0,5 Series,Africa,14.487394107321883
2022-01-01,272698.64915254666,2022,300019.0,5 Series,Africa,14.487394107321883
2023-01-01,273631.3826187669,2023,227809.0,5 Series,Africa,14.487394107321883
2024-01-01,274564.11608498724,2024,312594.0,5 Series,Africa,14.487394107321883
2025-01-01,275499.4049853615,2025,,5 Series,Africa,14.487394107321883
2026-01-01,276432.1384515817,2026,,5 Series,Africa,14.487394107321883
2027-01-01,277364.87191780197,2027,,5 Series,Africa,14.487394107321883
2028-01-01,278297.6053840223,2028,,5 Series,Africa,14.487394107321883
2029-01-01,279232.89428439655,2029,,5 Series,Africa,14.487394107321883
2010-01-01,269772.11557912,2010,234645.0,5 Series,Asia,18.4893762925149
2011-01-01,268714.22184600675,2011,262798.0,5 Series,Asia,18.4893762925149
2012-01-01,267656.3281160266,2012,328174.0,5 Series,Asia,18.4893762925149
2013-01-01,266595.536050966,2013,245411.0,5 Series,Asia,18.4893762925149
2014-01-01,265537.6423289476,2014,297329.0,5 Series,Asia,18.4893762925149
2015-01-01,264479.74860873003,2015,269163.0,5 Series,Asia,18.4893762925149
2016-01-01,263421.8548905143,2016,262981.0,5 Series,Asia,18.4893762925149
2017-01-01,262361.0628346526,2017,223344.0,5 Series,Asia,18.4893762925149
2018-01-01,261303.16912065243,2018,289098.0,5 Series,Asia,18.4893762925149
2019-01-01,260245.27540541932,2019,256306.0,5 Series,Asia,18.4893762925149
2020-01-01,259187.38169032126,2020,268047.0,5 Series,Asia,18.4893762925149
2021-01-01,258126.59261663808,2021,237347.0,5 Series,Asia,18.4893762925149
2022-01-01,257068.70187641724,2022,207214.0,5 Series,Asia,18.4893762925149
2023-01-01,256010.81113619643,2023,229437.0,5 Series,Asia,18.4893762925149
2024-01-01,254952.92039597558,2024,324335.0,5 Series,Asia,18.4893762925149
2025-01-01,253892.13132495966,2025,,5 Series,Asia,18.4893762925149
2026-01-01,252834.2405847388,2026,,5 Series,Asia,18.4893762925149
2027-01-01,251776.34984451803,2027,,5 Series,Asia,18.4893762925149
2028-01-01,250718.4591042972,2028,,5 Series,Asia,18.4893762925149
2029-01-01,249657.67003328126,2029,,5 Series,Asia,18.4893762925149
2010-01-01,238015.977472,2010,206888.0,5 Series,Europe,12.054791787903731
2011-01-01,240732.635272011,2011,273976.0,5 Series,Europe,12.054791787903731
2012-01-01,243449.29307124077,2012,254362.0,5 Series,Europe,12.054791787903731
2013-01-01,246173.39376662218,2013,206342.0,5 Series,Europe,12.054791787903731
2014-01-01,248890.05156476615,2014,227327.0,5 Series,Europe,12.054791787903731
2015-01-01,251606.7093619844,2015,290212.0,5 Series,Europe,12.054791787903731
2016-01-01,254323.36716056237,2016,260880.0,5 Series,Europe,12.054791787903731
2017-01-01,257047.4678573799,2017,307840.0,5 Series,Europe,12.054791787903731
2018-01-01,259764.12565653157,2018,244544.0,5 Series,Europe,12.054791787903731
2019-01-01,262480.78345499135,2019,278545.0,5 Series,Europe,12.054791787903731
2020-01-01,265197.44125331315,2020,217504.0,5 Series,Europe,12.054791787903731
2021-01-01,267921.5419517343,2021,248451.0,5 Series,Europe,12.054791787903731
2022-01-01,270638.19975328975,2022,305296.0,5 Series,Europe,12.054791787903731
2023-01-01,273354.8575548453,2023,236210.0,5 Series,Europe,12.054791787903731
2024-01-01,276071.5153564008,2024,297138.0,5 Series,Europe,12.054791787903731
2025-01-01,278795.6160560428,2025,,5 Series,Europe,12.054791787903731
2026-01-01,281512.27385759825,2026,,5 Series,Europe,12.054791787903731
2027-01-01,284228.93165915384,2027,,5 Series,Europe,12.054791787903731
2028-01-01,286945.5894607093,2028,,5 Series,Europe,12.054791787903731
2029-01-01,289669.6901603513,2029,,5 Series,Europe,12.054791787903731
2010-01-01,252115.66556487998,2010,310921.0,5 Series,Middle East,11.068589402257494
2011-01-01,251418.1226852404,2011,281860.0,5 Series,Middle East,11.068589402257494
2012-01-01,250720.579810996,2012,254398.0,5 Series,Middle East,11.068589402257494
2013-01-01,250021.12585515407,2013,192506.0,5 Series,Middle East,11.068589402257494
2014-01-01,249323.5829708173,2014,181846.0,5 Series,Middle East,11.068589402257494
2015-01-01,248626.04009874415,2015,254161.0,5 Series,Middle East,11.068589402257494
2016-01-01,247928.49722000118,2016,281901.0,5 Series,Middle East,11.068589402257494
2017-01-01,247229.0432794101,2017,218252.0,5 Series,Middle East,11.068589402257494
2018-01-01,246531.50041091573,2018,211960.0,5 Series,Middle East,11.068589402257494
2019-01-01,245833.95753969578,2019,247403.0,5 Series,Middle East,11.068589402257494
2020-01-01,245136.41465564497,2020,269292.0,5 Series,Middle East,11.068589402257494
2021-01-01,244436.9606989093,2021,238571.0,5 Series,Middle East,11.068589402257494
2022-01-01,243739.4178314672,2022,254107.0,5 Series,Middle East,11.068589402257494
2023-01-01,243041.87496402513,2023,272111.0,5 Series,Middle East,11.068589402257494
2024-01-01,242344.33209658306,2024,239589.0,5 Series,Middle East,11.068589402257494
2025-01-01,241644.87815279182,2025,,5 Series,Middle East,11.068589402257494
2026-01-01,240947.33528534975,2026,,5 Series,Middle East,11.068589402257494
2027-01-01,240249.79241790768,2027,,5 Series,Middle East,11.068589402257494
2028-01-01,239552.2495504656,2028,,5 Series,Middle East,11.068589402257494
2029-01-01,238852.79560667436,2029,,5 Series,Middle East,11.068589402257494
2010-01-01,267564.51709811,2010,238396.0,5 Series,North America,15.08383583398273
2011-01-01,264501.0556558152,2011,268417.0,5 Series,North America,15.08383583398273
2012-01-01,261437.59420352115,2012,209419.0,5 Series,North America,15.08383583398273
2013-01-01,258365.73971339728,2013,248087.0,5 Series,North America,15.08383583398273
2014-01-01,255302.27824888198,2014,257648.0,5 Series,North America,15.08383583398273
2015-01-01,252238.81485207865,2015,289643.0,5 Series,North America,15.08383583398273
2016-01-01,249175.35143610428,2016,297154.0,5 Series,North America,15.08383583398273
2017-01-01,246103.49496267497,2017,332303.0,5 Series,North America,15.08383583398273
2018-01-01,243040.03153762117,2018,180380.0,5 Series,North America,15.08383583398273
2019-01-01,239976.56811817022,2019,314512.0,5 Series,North America,15.08383583398273
2020-01-01,236913.10468332478,2020,199434.0,5 Series,North America,15.08383583398273
2021-01-01,233841.2481890008,2021,209847.0,5 Series,North America,15.08383583398273
2022-01-01,230777.78473102278,2022,210951.0,5 Series,North America,15.08383583398273
2023-01-01,227714.32127304474,2023,242899.0,5 Series,North America,15.08383583398273
2024-01-01,224650.85781506667,2024,192687.0,5 Series,North America,15.08383583398273
2025-01-01,221579.00130651885,2025,,5 Series,North America,15.08383583398273
2026-01-01,218515.53784854081,2026,,5 Series,North America,15.08383583398273
2027-01-01,215452.07439056278,2027,,5 Series,North America,15.08383583398273
2028-01-01,212388.61093258474,2028,,5 Series,North America,15.08383583398273
2029-01-01,209316.75442403686,2029,,5 Series,North America,15.08383583398273
2010-01-01,247449.35165244,2010,258723.0,5 Series,South America,23.942918418815484
2011-01-01,249083.76397694912,2011,208942.0,5 Series,South America,23.942918418815484
2012-01-01,250718.17630017258,2012,249413.0,5 Series,South America,23.942918418815484
2013-01-01,252357.06646567237,2013,321274.0,5 Series,South America,23.942918418815484
2014-01-01,253991.47879082654,2014,253711.0,5 Series,South America,23.942918418815484
2015-01-01,255625.89111573112,2015,196817.0,5 Series,South America,23.942918418815484
2016-01-01,257260.30343866072,2016,327984.0,5 Series,South America,23.942918418815484
2017-01-01,258899.19360309793,2017,256536.0,5 Series,South America,23.942918418815484
2018-01-01,260533.60592374415,2018,239186.0,5 Series,South America,23.942918418815484
2019-01-01,262168.0182427815,2019,235727.0,5 Series,South America,23.942918418815484
2020-01-01,263802.43056286284,2020,279076.0,5 Series,South America,23.942918418815484
2021-01-01,265441.32072458917,2021,198799.0,5 Series,South America,23.942918418815484
2022-01-01,267075.73304613266,2022,311374.0,5 Series,South America,23.942918418815484
2023-01-01,268710.1453676762,2023,202219.0,5 Series,South America,23.942918418815484
2024-01-01,270344.5576892197,2024,345237.0,5 Series,South America,23.942918418815484
2025-01-01,271983.44785274006,2025,,5 Series,South America,23.942918418815484
2026-01-01,273617.8601742836,2026,,5 Series,South America,23.942918418815484
2027-01-01,275252.2724958271,2027,,5 Series,South America,23.942918418815484
2028-01-01,276886.6848173706,2028,,5 Series,South America,23.942918418815484
2029-01-01,278525.57498089096,2029,,5 Series,South America,23.942918418815484
2010-01-01,223374.4318261,2010,259479.0,7 Series,Africa,16.254629024577817
2011-01-01,226696.63817095757,2011,197770.0,7 Series,Africa,16.254629024577817
2012-01-01,230018.84451206998,2012,226879.0,7 Series,Africa,16.254629024577817
2013-01-01,233350.15278275835,2013,196773.0,7 Series,Africa,16.254629024577817
2014-01-01,236672.359121942,2014,277140.0,7 Series,Africa,16.254629024577817
2015-01-01,239994.565457783,2015,270221.0,7 Series,Africa,16.254629024577817
2016-01-01,243316.77179955767,2016,197208.0,7 Series,Africa,16.254629024577817
2017-01-01,246648.08007933598,2017,236244.0,7 Series,Africa,16.254629024577817
2018-01-01,249970.28642234582,2018,259444.0,7 Series,Africa,16.254629024577817
2019-01-01,253292.49277372233,2019,194566.0,7 Series,Africa,16.254629024577817
2020-01-01,256614.69912857184,2020,291938.0,7 Series,Africa,16.254629024577817
2021-01-01,259946.0074168869,2021,320854.0,7 Series,Africa,16.254629024577817
2022-01-01,263268.213776683,2022,291332.0,7 Series,Africa,16.254629024577817
2023-01-01,266590.4201364792,2023,197676.0,7 Series,Africa,16.254629024577817
2024-01-01,269912.6264962753,2024,281947.0,7 Series,Africa,16.254629024577817
2025-01-01,273243.9347913038,2025,,7 Series,Africa,16.254629024577817
2026-01-01,276566.14115109993,2026,,7 Series,Africa,16.254629024577817
2027-01-01,279888.3475108961,2027,,7 Series,Africa,16.254629024577817
2028-01-01,283210.5538706922,2028,,7 Series,Africa,16.254629024577817
2029-01-01,286541.8621657207,2029,,7 Series,Africa,16.254629024577817
2010-01-01,251342.4039936,2010,218806.0,7 Series,Asia,17.897757613137635
2011-01-01,253543.37988204014,2011,303120.0,7 Series,Asia,17.897757613137635
2012-01-01,255744.35579265002,2012,281089.0,7 Series,Asia,17.897757613137635
2013-01-01,257951.36175088922,2013,263683.0,7 Series,Asia,17.897757613137635
2014-01-01,260152.33762901853,2014,260114.0,7 Series,Asia,17.897757613137635
2015-01-01,262353.3134970838,2015,272148.0,7 Series,Asia,17.897757613137635
2016-01-01,264554.2893630804,2016,256772.0,7 Series,Asia,17.897757613137635
2017-01-01,266761.2953238489,2017,284440.0,7 Series,Asia,17.897757613137635
2018-01-01,268962.2712148088,2018,239728.0,7 Series,Asia,17.897757613137635
2019-01-01,271163.2471172114,2019,231029.0,7 Series,Asia,17.897757613137635
2020-01-01,273364.22301623534,2020,191931.0,7 Series,Asia,17.897757613137635
2021-01-01,275571.228979768,2021,312401.0,7 Series,Asia,17.897757613137635
2022-01-01,277772.2048817867,2022,252685.0,7 Series,Asia,17.897757613137635
2023-01-01,279973.18078380544,2023,221208.0,7 Series,Asia,17.897757613137635
2024-01-01,282174.1566858241,2024,414912.0,7 Series,Asia,17.897757613137635
2025-01-01,284381.16265880724,2025,,7 Series,Asia,17.897757613137635
2026-01-01,286582.13856082596,2026,,7 Series,Asia,17.897757613137635
2027-01-01,288783.1144628447,2027,,7 Series,Asia,17.897757613137635
2028-01-01,290984.09036486334,2028,,7 Series,Asia,17.897757613137635
2029-01-01,293191.0963378465,2029,,7 Series,Asia,17.897757613137635
2010-01-01,246554.78489598,2010,193910.0,7 Series,Europe,9.453584227056705
2011-01-01,248600.6248518011,2011,273735.0,7 Series,Europe,9.453584227056705
2012-01-01,250646.4648062472,2012,257108.0,7 Series,Europe,9.453584227056705
2013-01-01,252697.90980444974,2013,261918.0,7 Series,Europe,9.453584227056705
2014-01-01,254743.74976028467,2014,268880.0,7 Series,Europe,9.453584227056705
2015-01-01,256789.5897095467,2015,281308.0,7 Series,Europe,9.453584227056705
2016-01-01,258835.42965692526,2016,249933.0,7 Series,Europe,9.453584227056705
2017-01-01,260886.87464880748,2017,303164.0,7 Series,Europe,9.453584227056705
2018-01-01,262932.714601898,2018,234250.0,7 Series,Europe,9.453584227056705
2019-01-01,264978.55455649004,2019,228335.0,7 Series,Europe,9.453584227056705
2020-01-01,267024.3945093326,2020,253681.0,7 Series,Europe,9.453584227056705
2021-01-01,269075.8395057302,2021,314058.0,7 Series,Europe,9.453584227056705
2022-01-01,271121.6794580435,2022,237387.0,7 Series,Europe,9.453584227056705
2023-01-01,273167.51941035676,2023,262769.0,7 Series,Europe,9.453584227056705
2024-01-01,275213.35936267005,2024,293973.0,7 Series,Europe,9.453584227056705
2025-01-01,277264.8043559486,2025,,7 Series,Europe,9.453584227056705
2026-01-01,279310.6443082618,2026,,7 Series,Europe,9.453584227056705
2027-01-01,281356.48426057515,2027,,7 Series,Europe,9.453584227056705
2028-01-01,283402.32421288843,2028,,7 Series,Europe,9.453584227056705
2029-01-01,285453.7692061669,2029,,7 Series,Europe,9.453584227056705
2010-01-01,271848.08575728,2010,239435.0,7 Series,Middle East,21.283880200832563
2011-01-01,271876.5986100323,2011,259112.0,7 Series,Middle East,21.283880200832563
2012-01-01,271905.1114538371,2012,232595.0,7 Series,Middle East,21.283880200832563
2013-01-01,271933.702417519,2013,258317.0,7 Series,Middle East,21.283880200832563
2014-01-01,271962.21525577834,2014,362468.0,7 Series,Middle East,21.283880200832563
2015-01-01,271990.72807780653,2015,268699.0,7 Series,Middle East,21.283880200832563
2016-01-01,272019.24089012574,2016,264922.0,7 Series,Middle East,21.283880200832563
2017-01-01,272047.8318116582,2017,331107.0,7 Series,Middle East,21.283880200832563
2018-01-01,272076.3446070904,2018,275992.0,7 Series,Middle East,21.283880200832563
2019-01-01,272104.8574030336,2019,257366.0,7 Series,Middle East,21.283880200832563
2020-01-01,272133.37019411655,2020,303542.0,7 Series,Middle East,21.283880200832563
2021-01-01,272161.96109162713,2021,209729.0,7 Series,Middle East,21.283880200832563
2022-01-01,272190.47386519465,2022,317208.0,7 Series,Middle East,21.283880200832563
2023-01-01,272218.9866387622,2023,304610.0,7 Series,Middle East,21.283880200832563
2024-01-01,272247.49941232975,2024,195649.0,7 Series,Middle East,21.283880200832563
2025-01-01,272276.09030308516,2025,,7 Series,Middle East,21.283880200832563
2026-01-01,272304.60307665274,2026,,7 Series,Middle East,21.283880200832563
2027-01-01,272333.1158502203,2027,,7 Series,Middle East,21.283880200832563
2028-01-01,272361.62862378784,2028,,7 Series,Middle East,21.283880200832563
2029-01-01,272390.2195145433,2029,,7 Series,Middle East,21.283880200832563
2010-01-01,263987.47378994,2010,209690.0,7 Series,North America,7.370320246289926
2011-01-01,265188.4930585786,2011,306966.0,7 Series,North America,7.370320246289926
2012-01-01,266389.5123262607,2012,253510.0,7 Series,North America,7.370320246289926
2013-01-01,267593.8220587269,2013,307290.0,7 Series,North America,7.370320246289926
2014-01-01,268794.8413276785,2014,236104.0,7 Series,North America,7.370320246289926
2015-01-01,269995.8605985295,2015,303715.0,7 Series,North America,7.370320246289926
2016-01-01,271196.8798691985,2016,259605.0,7 Series,North America,7.370320246289926
2017-01-01,272401.1896018017,2017,319337.0,7 Series,North America,7.370320246289926
2018-01-01,273602.2088696421,2018,238611.0,7 Series,North America,7.370320246289926
2019-01-01,274803.2281384926,2019,282924.0,7 Series,North America,7.370320246289926
2020-01-01,276004.2474069646,2020,257668.0,7 Series,North America,7.370320246289926
2021-01-01,277208.5571407285,2021,244341.0,7 Series,North America,7.370320246289926
2022-01-01,278409.5764103368,2022,292527.0,7 Series,North America,7.370320246289926
2023-01-01,279610.59567994514,2023,308684.0,7 Series,North America,7.370320246289926
2024-01-01,280811.6149495535,2024,266287.0,7 Series,North America,7.370320246289926
2025-01-01,282015.9246829142,2025,,7 Series,North America,7.370320246289926
2026-01-01,283216.9439525226,2026,,7 Series,North America,7.370320246289926
2027-01-01,284417.9632221309,2027,,7 Series,North America,7.370320246289926
2028-01-01,285618.98249173927,2028,,7 Series,North America,7.370320246289926
2029-01-01,286823.2922251,2029,,7 Series,North America,7.370320246289926
2010-01-01,264399.97143092,2010,266717.0,7 Series,South America,16.113466607065426
2011-01-01,264709.3265594435,2011,298125.0,7 Series,South America,16.113466607065426
2012-01-01,265018.68169585953,2012,277200.0,7 Series,South America,16.113466607065426
2013-01-01,265328.8843744356,2013,231304.0,7 Series,South America,16.113466607065426
2014-01-01,265638.23950688436,2014,221593.0,7 Series,South America,16.113466607065426
2015-01-01,265947.59463800315,2015,287248.0,7 Series,South America,16.113466607065426
2016-01-01,266256.9497753983,2016,238201.0,7 Series,South America,16.113466607065426
2017-01-01,266567.1524556975,2017,289047.0,7 Series,South America,16.113466607065426
2018-01-01,266876.50759155647,2018,304196.0,7 Series,South America,16.113466607065426
2019-01-01,267185.8627238654,2019,248434.0,7 Series,South America,16.113466607065426
2020-01-01,267495.2178562583,2020,244854.0,7 Series,South America,16.113466607065426
2021-01-01,267805.4205315825,2021,223172.0,7 Series,South America,16.113466607065426
2022-01-01,268114.7756662448,2022,348077.0,7 Series,South America,16.113466607065426
2023-01-01,268424.13080090703,2023,288901.0,7 Series,South America,16.113466607065426
2024-01-01,268733.48593556933,2024,233441.0,7 Series,South America,16.113466607065426
2025-01-01,269043.68861854577,2025,,7 Series,South America,16.113466607065426
2026-01-01,269353.04375320807,2026,,7 Series,South America,16.113466607065426
2027-01-01,269662.3988878703,2027,,7 Series,South America,16.113466607065426
2028-01-01,269971.7540225326,2028,,7 Series,South America,16.113466607065426
2029-01-01,270281.95670550904,2029,,7 Series,South America,16.113466607065426
2010-01-01,235760.38537723,2010,206661.0,M3,Africa,13.632646191701262
2011-01-01,234922.50173792013,2011,210941.0,M3,Africa,13.632646191701262
2012-01-01,234084.61801708565,2012,255538.0,M3,Africa,13.632646191701262
2013-01-01,233244.4387278572,2013,221982.0,M3,Africa,13.632646191701262
2014-01-01,232406.55510663323,2014,236859.0,M3,Africa,13.632646191701262
2015-01-01,231568.67140602093,2015,248633.0,M3,Africa,13.632646191701262
2016-01-01,230730.78773715635,2016,256573.0,M3,Africa,13.632646191701262
2017-01-01,229890.59724706938,2017,209247.0,M3,Africa,13.632646191701262
2018-01-01,229052.70242970338,2018,288757.0,M3,Africa,13.632646191701262
2019-01-01,228214.80323201354,2019,244237.0,M3,Africa,13.632646191701262
2020-01-01,227376.90405982966,2020,216617.0,M3,Africa,13.632646191701262
2021-01-01,226536.70914021347,2021,209084.0,M3,Africa,13.632646191701262
2022-01-01,225698.80986076992,2022,239819.0,M3,Africa,13.632646191701262
2023-01-01,224860.91058132637,2023,182349.0,M3,Africa,13.632646191701262
2024-01-01,224023.0113018828,2024,221412.0,M3,Africa,13.632646191701262
2025-01-01,223182.81640797504,2025,,M3,Africa,13.632646191701262
2026-01-01,222344.91712853152,2026,,M3,Africa,13.632646191701262
2027-01-01,221507.01784908795,2027,,M3,Africa,13.632646191701262
2028-01-01,220669.11856964443,2028,,M3,Africa,13.632646191701262
2029-01-01,219828.92367573662,2029,,M3,Africa,13.632646191701262
2010-01-01,257339.42159328,2010,267402.0,M3,Asia,13.810976391253163
2011-01-01,258054.06959306798,2011,260750.0,M3,Asia,13.810976391253163
2012-01-01,258768.71759755333,2012,241812.0,M3,Asia,13.810976391253163
2013-01-01,259485.3235422216,2013,242961.0,M3,Asia,13.810976391253163
2014-01-01,260199.97155098742,2014,332858.0,M3,Asia,13.810976391253163
2015-01-01,260914.61955748987,2015,242260.0,M3,Asia,13.810976391253163
2016-01-01,261629.26756533716,2016,294772.0,M3,Asia,13.810976391253163
2017-01-01,262345.8735142206,2017,236025.0,M3,Asia,13.810976391253163
2018-01-01,263060.5215200686,2018,278278.0,M3,Asia,13.810976391253163
2019-01-01,263775.1695271757,2019,160118.0,M3,Asia,13.810976391253163
2020-01-01,264489.8175319972,2020,246861.0,M3,Asia,13.810976391253163
2021-01-01,265206.4234765368,2021,279568.0,M3,Asia,13.810976391253163
2022-01-01,265921.0714812567,2022,240997.0,M3,Asia,13.810976391253163
2023-01-01,266635.71948597656,2023,344208.0,M3,Asia,13.810976391253163
2024-01-01,267350.3674906964,2024,266709.0,M3,Asia,13.810976391253163
2025-01-01,268066.9734351552,2025,,M3,Asia,13.810976391253163
2026-01-01,268781.62143987505,2026,,M3,Asia,13.810976391253163
2027-01-01,269496.26944459486,2027,,M3,Asia,13.810976391253163
2028-01-01,270210.91744931473,2028,,M3,Asia,13.810976391253163
2029-01-01,270927.52339377353,2029,,M3,Asia,13.810976391253163
2010-01-01,210920.2583875,2010,254172.0,M3,Europe,29.953400841142507
2011-01-01,215573.93757414128,2011,204906.0,M3,Europe,29.953400841142507
2012-01-01,220227.61637787,2012,205017.0,M3,Europe,29.953400841142507
2013-01-01,224894.04561026942,2013,262471.0,M3,Europe,29.953400841142507
2014-01-01,229547.7253431693,2014,224904.0,M3,Europe,29.953400841142507
2015-01-01,234201.40486738764,2015,205719.0,M3,Europe,29.953400841142507
2016-01-01,238855.08432947405,2016,220383.0,M3,Europe,29.953400841142507
2017-01-01,243521.51422855552,2017,254219.0,M3,Europe,29.953400841142507
2018-01-01,248175.19407352014,2018,159478.0,M3,Europe,29.953400841142507
2019-01-01,252828.87348655346,2019,231328.0,M3,Europe,29.953400841142507
2020-01-01,257482.55298682587,2020,279044.0,M3,Europe,29.953400841142507
2021-01-01,262148.98247961747,2021,236389.0,M3,Europe,29.953400841142507
2022-01-01,266802.6626121764,2022,376645.0,M3,Europe,29.953400841142507
2023-01-01,271456.3427447353,2023,340223.0,M3,Europe,29.953400841142507
2024-01-01,276110.0228772942,2024,194799.0,M3,Europe,29.953400841142507
2025-01-01,280776.4528184355,2025,,M3,Europe,29.953400841142507
2026-01-01,285430.13295099436,2026,,M3,Europe,29.953400841142507
2027-01-01,290083.8130835533,2027,,M3,Europe,29.953400841142507
2028-01-01,294737.49321611226,2028,,M3,Europe,29.953400841142507
2029-01-01,299403.9231572535,2029,,M3,Europe,29.953400841142507
2010-01-01,257508.31615746,2010,252982.0,M3,Middle East,11.563606119592922
2011-01-01,257221.24990889867,2011,213685.0,M3,Middle East,11.563606119592922
2012-01-01,256934.18367417302,2012,256375.0,M3,Middle East,11.563606119592922
2013-01-01,256646.3309321108,2013,279800.0,M3,Middle East,11.563606119592922
2014-01-01,256359.26469868803,2014,264079.0,M3,Middle East,11.563606119592922
2015-01-01,256072.02432001068,2015,285383.0,M3,Middle East,11.563606119592922
2016-01-01,255784.78395496975,2016,247437.0,M3,Middle East,11.563606119592922
2017-01-01,255496.75659811732,2017,253370.0,M3,Middle East,11.563606119592922
2018-01-01,255209.51620470508,2018,302007.0,M3,Middle East,11.563606119592922
2019-01-01,254922.27582907883,2019,244922.0,M3,Middle East,11.563606119592922
2020-01-01,254635.03545560446,2020,234003.0,M3,Middle East,11.563606119592922
2021-01-01,254347.00810159915,2021,247543.0,M3,Middle East,11.563606119592922
2022-01-01,254059.7677132489,2022,275250.0,M3,Middle East,11.563606119592922
2023-01-01,253772.5273248987,2023,206887.0,M3,Middle East,11.563606119592922
2024-01-01,253485.28693654848,2024,268692.0,M3,Middle East,11.563606119592922
2025-01-01,253197.25958823017,2025,,M3,Middle East,11.563606119592922
2026-01-01,252910.01919987993,2026,,M3,Middle East,11.563606119592922
2027-01-01,252622.7788115297,2027,,M3,Middle East,11.563606119592922
2028-01-01,252335.53842317945,2028,,M3,Middle East,11.563606119592922
2029-01-01,252047.51107486116,2029,,M3,Middle East,11.563606119592922
2010-01-01,241428.73598226,2010,231952.0,M3,North America,23.65562594881603
2011-01-01,243056.1728349349,2011,210638.0,M3,North America,23.65562594881603
2012-01-01,244683.6096911495,2012,228309.0,M3,North America,23.65562594881603
2013-01-01,246315.5052761446,2013,288897.0,M3,North America,23.65562594881603
2014-01-01,247942.94213181152,2014,264006.0,M3,North America,23.65562594881603
2015-01-01,249570.37899271428,2015,292514.0,M3,North America,23.65562594881603
2016-01-01,251197.81585614683,2016,207685.0,M3,North America,23.65562594881603
2017-01-01,252829.71144187707,2017,232111.0,M3,North America,23.65562594881603
2018-01-01,254457.14827055405,2018,265116.0,M3,North America,23.65562594881603
2019-01-01,256084.58510661975,2019,244552.0,M3,North America,23.65562594881603
2020-01-01,257712.0219430298,2020,244319.0,M3,North America,23.65562594881603
2021-01-01,259343.91751822885,2021,332058.0,M3,North America,23.65562594881603
2022-01-01,260971.35435237386,2022,276802.0,M3,North America,23.65562594881603
2023-01-01,262598.7911865189,2023,298301.0,M3,North America,23.65562594881603
2024-01-01,264226.22802066396,2024,175525.0,M3,North America,23.65562594881603
2025-01-01,265858.1235858614,2025,,M3,North America,23.65562594881603
2026-01-01,267485.5604200064,2026,,M3,North America,23.65562594881603
2027-01-01,269112.99725415144,2027,,M3,North America,23.65562594881603
2028-01-01,270740.4340882965,2028,,M3,North America,23.65562594881603
2029-01-01,272372.32965349394,2029,,M3,North America,23.65562594881603
2010-01-01,267009.58319379,2010,310623.0,M3,South America,22.638522711251067
2011-01-01,264008.59397634794,2011,270583.0,M3,South America,22.638522711251067
2012-01-01,261007.60474353484,2012,204604.0,M3,South America,22.638522711251067
2013-01-01,257998.3936337001,2013,170579.0,M3,South America,22.638522711251067
2014-01-01,254997.40441349993,2014,283762.0,M3,South America,22.638522711251067
2015-01-01,251996.41518657716,2015,274865.0,M3,South America,22.638522711251067
2016-01-01,248995.425975729,2016,263826.0,M3,South America,22.638522711251067
2017-01-01,245986.21487026254,2017,289427.0,M3,South America,22.638522711251067
2018-01-01,242985.22565323627,2018,204449.0,M3,South America,22.638522711251067
2019-01-01,239984.23643696413,2019,279932.0,M3,South America,22.638522711251067
2020-01-01,236983.24723112147,2020,233505.0,M3,South America,22.638522711251067
2021-01-01,233974.0361229698,2021,243050.0,M3,South America,22.638522711251067
2022-01-01,230973.04691061113,2022,281041.0,M3,South America,22.638522711251067
2023-01-01,227972.0576982525,2023,185200.0,M3,South America,22.638522711251067
2024-01-01,224971.06848589383,2024,195063.0,M3,South America,22.638522711251067
2025-01-01,221961.85738528214,2025,,M3,South America,22.638522711251067
2026-01-01,218960.8681729235,2026,,M3,South America,22.638522711251067
2027-01-01,215959.87896056485,2027,,M3,South America,22.638522711251067
2028-01-01,212958.88974820622,2028,,M3,South America,22.638522711251067
2029-01-01,209949.67864759453,2029,,M3,South America,22.638522711251067
2010-01-01,224699.14119700002,2010,181521.0,M5,Africa,15.416573846573877
2011-01-01,227613.56768729063,2011,280790.0,M5,Africa,15.416573846573877
2012-01-01,230527.99418007457,2012,220803.0,M5,Africa,15.416573846573877
2013-01-01,233450.40539964873,2013,249433.0,M5,Africa,15.416573846573877
2014-01-01,236364.83188587628,2014,212917.0,M5,Africa,15.416573846573877
2015-01-01,239279.25836491463,2015,244395.0,M5,Africa,15.416573846573877
2016-01-01,242193.68484141197,2016,203726.0,M5,Africa,15.416573846573877
2017-01-01,245116.09604197988,2017,252637.0,M5,Africa,15.416573846573877
2018-01-01,248030.52250402456,2018,277216.0,M5,Africa,15.416573846573877
2019-01-01,250944.9489595965,2019,247926.0,M5,Africa,15.416573846573877
2020-01-01,253859.37541258606,2020,253056.0,M5,Africa,15.416573846573877
2021-01-01,256781.77311433002,2021,288943.0,M5,Africa,15.416573846573877
2022-01-01,259696.18612570333,2022,294218.0,M5,Africa,15.416573846573877
2023-01-01,262610.59913707664,2023,236369.0,M5,Africa,15.416573846573877
2024-01-01,265525.01214845,2024,232302.0,M5,Africa,15.416573846573877
2025-01-01,268447.40985300514,2025,,M5,Africa,15.416573846573877
2026-01-01,271361.82286437845,2026,,M5,Africa,15.416573846573877
2027-01-01,274276.23587575176,2027,,M5,Africa,15.416573846573877
2028-01-01,277190.6488871251,2028,,M5,Africa,15.416573846573877
2029-01-01,280113.04659168026,2029,,M5,Africa,15.416573846573877
2010-01-01,267134.48685705,2010,313385.0,M5,Asia,5.396423102385689
2011-01-01,266383.2132736905,2011,271225.0,M5,Asia,5.396423102385689
2012-01-01,265631.9396978031,2012,201545.0,M5,Asia,5.396423102385689
2013-01-01,264878.60783360375,2013,305055.0,M5,Asia,5.396423102385689
2014-01-01,264127.3342463826,2014,217697.0,M5,Asia,5.396423102385689
2015-01-01,263376.06066474837,2015,301637.0,M5,Asia,5.396423102385689
2016-01-01,262624.7870849666,2016,202051.0,M5,Asia,5.396423102385689
2017-01-01,261871.45522358167,2017,240744.0,M5,Asia,5.396423102385689
2018-01-01,261120.18164052497,2018,330663.0,M5,Asia,5.396423102385689
2019-01-01,260368.90805005262,2019,287147.0,M5,Asia,5.396423102385689
2020-01-01,259617.63446123246,2020,217035.0,M5,Asia,5.396423102385689
2021-01-01,258864.30259373624,2021,269906.0,M5,Asia,5.396423102385689
2022-01-01,258113.02900643903,2022,237326.0,M5,Asia,5.396423102385689
2023-01-01,257361.75541914182,2023,257386.0,M5,Asia,5.396423102385689
2024-01-01,256610.4818318446,2024,275588.0,M5,Asia,5.396423102385689
2025-01-01,255857.14996074655,2025,,M5,Asia,5.396423102385689
2026-01-01,255105.87637344937,2026,,M5,Asia,5.396423102385689
2027-01-01,254354.60278615216,2027,,M5,Asia,5.396423102385689
2028-01-01,253603.32919885495,2028,,M5,Asia,5.396423102385689
2029-01-01,252849.99732775692,2029,,M5,Asia,5.396423102385689
2010-01-01,258251.74862903997,2010,278188.0,M5,Europe,14.2711144346478
2011-01-01,259471.98234488405,2011,240776.0,M5,Europe,14.2711144346478
2012-01-01,260692.2160728586,2012,272367.0,M5,Europe,14.2711144346478
2013-01-01,261915.79292565354,2013,238102.0,M5,Europe,14.2711144346478
2014-01-01,263136.02666445606,2014,271627.0,M5,Europe,14.2711144346478
2015-01-01,264356.2604068997,2015,256320.0,M5,Europe,14.2711144346478
2016-01-01,265576.49413523497,2016,240007.0,M5,Europe,14.2711144346478
2017-01-01,266800.0709697995,2017,204418.0,M5,Europe,14.2711144346478
2018-01-01,268020.3046924178,2018,340312.0,M5,Europe,14.2711144346478
2019-01-01,269240.5384002111,2019,381057.0,M5,Europe,14.2711144346478
2020-01-01,270460.7721186415,2020,186203.0,M5,Europe,14.2711144346478
2021-01-01,271684.3489552883,2021,316657.0,M5,Europe,14.2711144346478
2022-01-01,272904.5826751894,2022,252878.0,M5,Europe,14.2711144346478
2023-01-01,274124.8163950906,2023,241829.0,M5,Europe,14.2711144346478
2024-01-01,275345.0501149917,2024,281926.0,M5,Europe,14.2711144346478
2025-01-01,276568.6269409748,2025,,M5,Europe,14.2711144346478
2026-01-01,277788.8606608759,2026,,M5,Europe,14.2711144346478
2027-01-01,279009.0943807771,2027,,M5,Europe,14.2711144346478
2028-01-01,280229.3281006782,2028,,M5,Europe,14.2711144346478
2029-01-01,281452.9049266613,2029,,M5,Europe,14.2711144346478
2010-01-01,232964.82759222,2010,261444.0,M5,Middle East,5.8691516813483595
2011-01-01,237174.01943798552,2011,222886.0,M5,Middle East,5.8691516813483595
2012-01-01,241383.21129156204,2012,250971.0,M5,Middle East,5.8691516813483595
2013-01-01,245603.93519609785,2013,287682.0,M5,Middle East,5.8691516813483595
2014-01-01,249813.12705428415,2014,211272.0,M5,Middle East,5.8691516813483595
2015-01-01,254022.318918351,2015,253374.0,M5,Middle East,5.8691516813483595
2016-01-01,258231.51079400917,2016,273184.0,M5,Middle East,5.8691516813483595
2017-01-01,262452.2347023206,2017,224970.0,M5,Middle East,5.8691516813483595
2018-01-01,266661.4266000288,2018,200295.0,M5,Middle East,5.8691516813483595
2019-01-01,270870.65746566624,2019,261897.0,M5,Middle East,5.8691516813483595
2020-01-01,275079.88845399016,2020,306882.0,M5,Middle East,5.8691516813483595
2021-01-01,279300.6515748536,2021,302537.0,M5,Middle East,5.8691516813483595
2022-01-01,283509.8825646083,2022,282174.0,M5,Middle East,5.8691516813483595
2023-01-01,287719.113554363,2023,272915.0,M5,Middle East,5.8691516813483595
2024-01-01,291928.34454411775,2024,324406.0,M5,Middle East,5.8691516813483595
2025-01-01,296149.10767357046,2025,,M5,Middle East,5.8691516813483595
2026-01-01,300358.3386633252,2026,,M5,Middle East,5.8691516813483595
2027-01-01,304567.5696530799,2027,,M5,Middle East,5.8691516813483595
2028-01-01,308776.8006428346,2028,,M5,Middle East,5.8691516813483595
2029-01-01,312997.5637722873,2029,,M5,Middle East,5.8691516813483595
2010-01-01,237495.62486376,2010,246037.0,M5,North America,10.101551963195698
2011-01-01,237874.05405751945,2011,298431.0,M5,North America,10.101551963195698
2012-01-01,238252.48325199613,2012,159080.0,M5,North America,10.101551963195698
2013-01-01,238631.94924030462,2013,354968.0,M5,North America,10.101551963195698
2014-01-01,239010.37843843023,2014,229397.0,M5,North America,10.101551963195698
2015-01-01,239388.8076380054,2015,190373.0,M5,North America,10.101551963195698
2016-01-01,239767.23683554688,2016,172314.0,M5,North America,10.101551963195698
2017-01-01,240146.71306781314,2017,225756.0,M5,North America,10.101551963195698
2018-01-01,240525.15247846037,2018,212869.0,M5,North America,10.101551963195698
2019-01-01,240903.59188968982,2019,244321.0,M5,North America,10.101551963195698
2020-01-01,241282.03130052847,2020,297762.0,M5,North America,10.101551963195698
2021-01-01,241661.5075344815,2021,211275.0,M5,North America,10.101551963195698
2022-01-01,242039.9469463439,2022,229160.0,M5,North America,10.101551963195698
2023-01-01,242418.38635820633,2023,224458.0,M5,North America,10.101551963195698
2024-01-01,242796.82577006874,2024,306345.0,M5,North America,10.101551963195698
2025-01-01,243176.30200223764,2025,,M5,North America,10.101551963195698
2026-01-01,243554.74141410002,2026,,M5,North America,10.101551963195698
2027-01-01,243933.18082596242,2027,,M5,North America,10.101551963195698
2028-01-01,244311.62023782483,2028,,M5,North America,10.101551963195698
2029-01-01,244691.09646999373,2029,,M5,North America,10.101551963195698
2010-01-01,248492.7822168,2010,314414.0,M5,South America,15.977909181321213
2011-01-01,247573.12319590242,2011,271183.0,M5,South America,15.977909181321213
2012-01-01,246653.46421291726,2012,239313.0,M5,South America,15.977909181321213
2013-01-01,245731.28565394352,2013,182744.0,M5,South America,15.977909181321213
2014-01-01,244811.62673998348,2014,196282.0,M5,South America,15.977909181321213
2015-01-01,243891.96783821407,2015,194290.0,M5,South America,15.977909181321213
2016-01-01,242972.31038165512,2016,180941.0,M5,South America,15.977909181321213
2017-01-01,242050.13332949043,2017,352242.0,M5,South America,15.977909181321213
2018-01-01,241130.47589727174,2018,251210.0,M5,South America,15.977909181321213
2019-01-01,240210.8184526055,2019,242212.0,M5,South America,15.977909181321213
2020-01-01,239291.1610382981,2020,241725.0,M5,South America,15.977909181321213
2021-01-01,238368.98399183914,2021,299745.0,M5,South America,15.977909181321213
2022-01-01,237449.32653070733,2022,223817.0,M5,South America,15.977909181321213
2023-01-01,236529.66906957555,2023,230397.0,M5,South America,15.977909181321213
2024-01-01,235610.01160844375,2024,212429.0,M5,South America,15.977909181321213
2025-01-01,234687.8345378294,2025,,M5,South America,15.977909181321213
2026-01-01,233768.17707669758,2026,,M5,South America,15.977909181321213
2027-01-01,232848.5196155658,2027,,M5,South America,15.977909181321213
2028-01-01,231928.86215443397,2028,,M5,South America,15.977909181321213
2029-01-01,231006.68508381964,2029,,M5,South America,15.977909181321213
2010-01-01,277583.7650901,2010,295674.0,X1,Africa,9.461219074956787
2011-01-01,275361.00723989535,2011,305275.0,X1,Africa,9.461219074956787
2012-01-01,273138.24940183124,2012,222714.0,X1,Africa,9.461219074956787
2013-01-01,270909.4018106545,2013,283167.0,X1,Africa,9.461219074956787
2014-01-01,268686.6439413977,2014,286555.0,X1,Africa,9.461219074956787
2015-01-01,266463.8860441464,2015,276538.0,X1,Africa,9.461219074956787
2016-01-01,264241.128175001,2016,269211.0,X1,Africa,9.461219074956787
2017-01-01,262012.77059962487,2017,188932.0,X1,Africa,9.461219074956787
2018-01-01,259790.5014337418,2018,239770.0,X1,Africa,9.461219074956787
2019-01-01,257568.23225168724,2019,242508.0,X1,Africa,9.461219074956787
2020-01-01,255345.96307522978,2020,306523.0,X1,Africa,9.461219074956787
2021-01-01,253117.6055111766,2021,255987.0,X1,Africa,9.461219074956787
2022-01-01,250895.3363294298,2022,271744.0,X1,Africa,9.461219074956787
2023-01-01,248673.06714768292,2023,220415.0,X1,Africa,9.461219074956787
2024-01-01,246450.79796593607,2024,263123.0,X1,Africa,9.461219074956787
2025-01-01,244222.44037547207,2025,,X1,Africa,9.461219074956787
2026-01-01,242000.17119372525,2026,,X1,Africa,9.461219074956787
2027-01-01,239777.90201197838,2027,,X1,Africa,9.461219074956787
2028-01-01,237555.63283023157,2028,,X1,Africa,9.461219074956787
2029-01-01,235327.2752397676,2029,,X1,Africa,9.461219074956787
2010-01-01,296162.47485,2010,272667.0,X1,Asia,25.87272971152885
2011-01-01,293794.22864598525,2011,289431.0,X1,Asia,25.87272971152885
2012-01-01,291425.98244252254,2012,344250.0,X1,Asia,25.87272971152885
2013-01-01,289051.24789101037,2013,261985.0,X1,Asia,25.87272971152885
2014-01-01,286683.0016688491,2014,236591.0,X1,Asia,25.87272971152885
2015-01-01,284314.7554588837,2015,338356.0,X1,Asia,25.87272971152885
2016-01-01,281946.50923335063,2016,294690.0,X1,Asia,25.87272971152885
2017-01-01,279571.7746694073,2017,219823.0,X1,Asia,25.87272971152885
2018-01-01,277203.52845819097,2018,292918.0,X1,Asia,25.87272971152885
2019-01-01,274835.28224320145,2019,275275.0,X1,Asia,25.87272971152885
2020-01-01,272467.036042536,2020,331221.0,X1,Asia,25.87272971152885
2021-01-01,270092.3015001264,2021,317143.0,X1,Asia,25.87272971152885
2022-01-01,267724.05531667883,2022,237658.0,X1,Asia,25.87272971152885
2023-01-01,265355.8091332312,2023,232506.0,X1,Asia,25.87272971152885
2024-01-01,262987.56294978346,2024,247775.0,X1,Asia,25.87272971152885
2025-01-01,260612.82842062775,2025,,X1,Asia,25.87272971152885
2026-01-01,258244.5822371801,2026,,X1,Asia,25.87272971152885
2027-01-01,255876.33605373246,2027,,X1,Asia,25.87272971152885
2028-01-01,253508.08987028478,2028,,X1,Asia,25.87272971152885
2029-01-01,251133.35534112903,2029,,X1,Asia,25.87272971152885
2010-01-01,260237.12740761,2010,218240.0,X1,Europe,8.644244281753844
2011-01-01,259726.61088493417,2011,294300.0,X1,Europe,8.644244281753844
2012-01-01,259216.09436191648,2012,296243.0,X1,Europe,8.644244281753844
2013-01-01,258704.17916339694,2013,296277.0,X1,Europe,8.644244281753844
2014-01-01,258193.66264039357,2014,215967.0,X1,Europe,8.644244281753844
2015-01-01,257683.14611772378,2015,238828.0,X1,Europe,8.644244281753844
2016-01-01,257172.6295956699,2016,243357.0,X1,Europe,8.644244281753844
2017-01-01,256660.71439853354,2017,244606.0,X1,Europe,8.644244281753844
2018-01-01,256150.19787670698,2018,220123.0,X1,Europe,8.644244281753844
2019-01-01,255639.68135524116,2019,316103.0,X1,Europe,8.644244281753844
2020-01-01,255129.1648328863,2020,269258.0,X1,Europe,8.644244281753844
2021-01-01,254617.24963508663,2021,216142.0,X1,Europe,8.644244281753844
2022-01-01,254106.7331137259,2022,285505.0,X1,Europe,8.644244281753844
2023-01-01,253596.21659236518,2023,232835.0,X1,Europe,8.644244281753844
2024-01-01,253085.70007100442,2024,262249.0,X1,Europe,8.644244281753844
2025-01-01,252573.78487424273,2025,,X1,Europe,8.644244281753844
2026-01-01,252063.268352882,2026,,X1,Europe,8.644244281753844
2027-01-01,251552.75183152128,2027,,X1,Europe,8.644244281753844
2028-01-01,251042.23531016058,2028,,X1,Europe,8.644244281753844
2029-01-01,250530.32011339886,2029,,X1,Europe,8.644244281753844
2010-01-01,260985.896829,2010,233673.0,X1,Middle East,7.054313182098188
2011-01-01,260057.54353925286,2011,273276.0,X1,Middle East,7.054313182098188
2012-01-01,259129.19027335817,2012,303492.0,X1,Middle East,7.054313182098188
2013-01-01,258198.29355499294,2013,270503.0,X1,Middle East,7.054313182098188
2014-01-01,257269.9402528886,2014,231930.0,X1,Middle East,7.054313182098188
2015-01-01,256341.58696438154,2015,256620.0,X1,Middle East,7.054313182098188
2016-01-01,255413.2336470159,2016,267737.0,X1,Middle East,7.054313182098188
2017-01-01,254482.33692381214,2017,264345.0,X1,Middle East,7.054313182098188
2018-01-01,253553.9836507595,2018,181141.0,X1,Middle East,7.054313182098188
2019-01-01,252625.6303725506,2019,267617.0,X1,Middle East,7.054313182098188
2020-01-01,251697.27709368346,2020,241674.0,X1,Middle East,7.054313182098188
2021-01-01,250766.38038480896,2021,262159.0,X1,Middle East,7.054313182098188
2022-01-01,249838.02714211674,2022,236415.0,X1,Middle East,7.054313182098188
2023-01-01,248909.67389942452,2023,269971.0,X1,Middle East,7.054313182098188
2024-01-01,247981.3206567323,2024,257659.0,X1,Middle East,7.054313182098188
2025-01-01,247050.42398049845,2025,,X1,Middle East,7.054313182098188
2026-01-01,246122.07073780624,2026,,X1,Middle East,7.054313182098188
2027-01-01,245193.71749511402,2027,,X1,Middle East,7.054313182098188
2028-01-01,244265.3642524218,2028,,X1,Middle East,7.054313182098188
2029-01-01,243334.46757618795,2029,,X1,Middle East,7.054313182098188
2010-01-01,279793.99096654,2010,249867.0,X1,North America,8.619857474119906
2011-01-01,277808.33008430875,2011,248201.0,X1,North America,8.619857474119906
2012-01-01,275822.66919954936,2012,288188.0,X1,North America,8.619857474119906
2013-01-01,273831.56814868515,2013,294520.0,X1,North America,8.619857474119906
2014-01-01,271845.9072597704,2014,337318.0,X1,North America,8.619857474119906
2015-01-01,269860.24637242866,2015,237653.0,X1,North America,8.619857474119906
2016-01-01,267874.58548078616,2016,230204.0,X1,North America,8.619857474119906
2017-01-01,265883.48442012555,2017,327088.0,X1,North America,8.619857474119906
2018-01-01,263897.82352978375,2018,243582.0,X1,North America,8.619857474119906
2019-01-01,261912.1626428105,2019,294963.0,X1,North America,8.619857474119906
2020-01-01,259926.50175416077,2020,255192.0,X1,North America,8.619857474119906
2021-01-01,257935.4006965494,2021,237777.0,X1,North America,8.619857474119906
2022-01-01,255949.73980095735,2022,228732.0,X1,North America,8.619857474119906
2023-01-01,253964.07890536537,2023,270943.0,X1,North America,8.619857474119906
2024-01-01,251978.41800977333,2024,242801.0,X1,North America,8.619857474119906
2025-01-01,249987.31694734405,2025,,X1,North America,8.619857474119906
2026-01-01,248001.65605175204,2026,,X1,North America,8.619857474119906
2027-01-01,246015.99515616003,2027,,X1,North America,8.619857474119906
2028-01-01,244030.334260568,2028,,X1,North America,8.619857474119906
2029-01-01,242039.23319813874,2029,,X1,North America,8.619857474119906
2010-01-01,253736.97280559997,2010,210232.0,X1,South America,11.659888214975837
2011-01-01,252062.67126638812,2011,284012.0,X1,South America,11.659888214975837
2012-01-01,250388.36974822948,2012,216302.0,X1,South America,11.659888214975837
2013-01-01,248709.48112940256,2013,324452.0,X1,South America,11.659888214975837
2014-01-01,247035.17963922585,2014,316552.0,X1,South America,11.659888214975837
2015-01-01,245360.87817769343,2015,180032.0,X1,South America,11.659888214975837
2016-01-01,243686.57672329218,2016,269299.0,X1,South America,11.659888214975837
2017-01-01,242007.6881309012,2017,170476.0,X1,South America,11.659888214975837
2018-01-01,240333.3867007812,2018,199052.0,X1,South America,11.659888214975837
2019-01-01,238659.0852383237,2019,285255.0,X1,South America,11.659888214975837
2020-01-01,236984.78378463475,2020,214898.0,X1,South America,11.659888214975837
2021-01-01,235305.89522914425,2021,220985.0,X1,South America,11.659888214975837
2022-01-01,233631.59377294194,2022,288062.0,X1,South America,11.659888214975837
2023-01-01,231957.29231673962,2023,230625.0,X1,South America,11.659888214975837
2024-01-01,230282.99086053733,2024,220127.0,X1,South America,11.659888214975837
2025-01-01,228604.10227705774,2025,,X1,South America,11.659888214975837
2026-01-01,226929.80082085545,2026,,X1,South America,11.659888214975837
2027-01-01,225255.49936465314,2027,,X1,South America,11.659888214975837
2028-01-01,223581.19790845085,2028,,X1,South America,11.659888214975837
2029-01-01,221902.30932497128,2029,,X1,South America,11.659888214975837
2010-01-01,285513.72506759997,2010,318013.0,X3,Africa,26.889400312374434
2011-01-01,280372.44225593354,2011,310668.0,X3,Africa,26.889400312374434
2012-01-01,275231.159444028,2012,210185.0,X3,Africa,26.889400312374434
2013-01-01,270075.7909228717,2013,310426.0,X3,Africa,26.889400312374434
2014-01-01,264934.50811171904,2014,247756.0,X3,Africa,26.889400312374434
2015-01-01,259793.2253002305,2015,285931.0,X3,Africa,26.889400312374434
2016-01-01,254651.94248846674,2016,256049.0,X3,Africa,26.889400312374434
2017-01-01,249496.57397296556,2017,236836.0,X3,Africa,26.889400312374434
2018-01-01,244355.3733649876,2018,197890.0,X3,Africa,26.889400312374434
2019-01-01,239214.17276219913,2019,226941.0,X3,Africa,26.889400312374434
2020-01-01,234072.97216206492,2020,197382.0,X3,Africa,26.889400312374434
2021-01-01,228917.68608376596,2021,264429.0,X3,Africa,26.889400312374434
2022-01-01,223776.48548504524,2022,156945.0,X3,Africa,26.889400312374434
2023-01-01,218635.28488632452,2023,237798.0,X3,Africa,26.889400312374434
2024-01-01,213494.08428760382,2024,285474.0,X3,Africa,26.889400312374434
2025-01-01,208338.7982077907,2025,,X3,Africa,26.889400312374434
2026-01-01,203197.59760906998,2026,,X3,Africa,26.889400312374434
2027-01-01,198056.39701034923,2027,,X3,Africa,26.889400312374434
2028-01-01,192915.19641162854,2028,,X3,Africa,26.889400312374434
2029-01-01,187759.91033181545,2029,,X3,Africa,26.889400312374434
2010-01-01,230417.77758501002,2010,269168.0,X3,Asia,10.950389357976803
2011-01-01,233650.9632554858,2011,162747.0,X3,Asia,10.950389357976803
2012-01-01,236884.14891809295,2012,322666.0,X3,Asia,10.950389357976803
2013-01-01,240126.19262793046,2013,203276.0,X3,Asia,10.950389357976803
2014-01-01,243359.37829655493,2014,257598.0,X3,Asia,10.950389357976803
2015-01-01,246592.56396667226,2015,217138.0,X3,Asia,10.950389357976803
2016-01-01,249825.7496391802,2016,250232.0,X3,Asia,10.950389357976803
2017-01-01,253067.79335081516,2017,220319.0,X3,Asia,10.950389357976803
2018-01-01,256300.9790126268,2018,287509.0,X3,Asia,10.950389357976803
2019-01-01,259534.16468309573,2019,263147.0,X3,Asia,10.950389357976803
2020-01-01,262767.3503606155,2020,196631.0,X3,Asia,10.950389357976803
2021-01-01,266009.3940795954,2021,281599.0,X3,Asia,10.950389357976803
2022-01-01,269242.5797588511,2022,327583.0,X3,Asia,10.950389357976803
2023-01-01,272475.76543810684,2023,273894.0,X3,Asia,10.950389357976803
2024-01-01,275708.9511173626,2024,262608.0,X3,Asia,10.950389357976803
2025-01-01,278950.9948395752,2025,,X3,Asia,10.950389357976803
2026-01-01,282184.18051883095,2026,,X3,Asia,10.950389357976803
2027-01-01,285417.3661980867,2027,,X3,Asia,10.950389357976803
2028-01-01,288650.55187734246,2028,,X3,Asia,10.950389357976803
2029-01-01,291892.59559955506,2029,,X3,Asia,10.950389357976803
2010-01-01,230553.8922236,2010,222104.0,X3,Europe,20.83826493340397
2011-01-01,232906.26623338414,2011,245257.0,X3,Europe,20.83826493340397
2012-01-01,235258.64024529335,2012,285296.0,X3,Europe,20.83826493340397
2013-01-01,237617.45910835656,2013,237006.0,X3,Europe,20.83826493340397
2014-01-01,239969.8331189636,2014,262240.0,X3,Europe,20.83826493340397
2015-01-01,242322.20713978756,2015,199051.0,X3,Europe,20.83826493340397
2016-01-01,244674.58115597605,2016,227578.0,X3,Europe,20.83826493340397
2017-01-01,247033.40003225266,2017,276253.0,X3,Europe,20.83826493340397
2018-01-01,249385.77406884797,2018,220509.0,X3,Europe,20.83826493340397
2019-01-01,251738.14810731978,2019,225320.0,X3,Europe,20.83826493340397
2020-01-01,254090.52215695765,2020,219019.0,X3,Europe,20.83826493340397
2021-01-01,256449.34106268646,2021,222467.0,X3,Europe,20.83826493340397
2022-01-01,258801.71512424783,2022,283986.0,X3,Europe,20.83826493340397
2023-01-01,261154.08918580916,2023,222646.0,X3,Europe,20.83826493340397
2024-01-01,263506.4632473705,2024,356840.0,X3,Europe,20.83826493340397
2025-01-01,265865.28216937446,2025,,X3,Europe,20.83826493340397
2026-01-01,268217.6562309358,2026,,X3,Europe,20.83826493340397
2027-01-01,270570.03029249713,2027,,X3,Europe,20.83826493340397
2028-01-01,272922.4043540585,2028,,X3,Europe,20.83826493340397
2029-01-01,275281.22327606246,2029,,X3,Europe,20.83826493340397
2010-01-01,260285.1995952,2010,253174.0,X3,Middle East,11.948002399407697
2011-01-01,258739.4025053332,2011,245986.0,X3,Middle East,11.948002399407697
2012-01-01,257193.6054166338,2012,338634.0,X3,Middle East,11.948002399407697
2013-01-01,255643.57326614324,2013,258120.0,X3,Middle East,11.948002399407697
2014-01-01,254097.77618438247,2014,231701.0,X3,Middle East,11.948002399407697
2015-01-01,252551.9791063486,2015,196912.0,X3,Middle East,11.948002399407697
2016-01-01,251006.18203839808,2016,284889.0,X3,Middle East,11.948002399407697
2017-01-01,249456.14990723252,2017,234108.0,X3,Middle East,11.948002399407697
2018-01-01,247910.35284611557,2018,255136.0,X3,Middle East,11.948002399407697
2019-01-01,246364.5557847917,2019,180024.0,X3,Middle East,11.948002399407697
2020-01-01,244818.75872579392,2020,229742.0,X3,Middle East,11.948002399407697
2021-01-01,243268.72661623728,2021,265855.0,X3,Middle East,11.948002399407697
2022-01-01,241722.92956738162,2022,315864.0,X3,Middle East,11.948002399407697
2023-01-01,240177.13251852593,2023,234820.0,X3,Middle East,11.948002399407697
2024-01-01,238631.33546967027,2024,220039.0,X3,Middle East,11.948002399407697
2025-01-01,237081.30336040678,2025,,X3,Middle East,11.948002399407697
2026-01-01,235535.50631155111,2026,,X3,Middle East,11.948002399407697
2027-01-01,233989.70926269543,2027,,X3,Middle East,11.948002399407697
2028-01-01,232443.91221383977,2028,,X3,Middle East,11.948002399407697
2029-01-01,230893.8801045763,2029,,X3,Middle East,11.948002399407697
2010-01-01,274539.7909371,2010,331930.0,X3,North America,20.593630885518298
2011-01-01,273939.1496598066,2011,331620.0,X3,North America,20.593630885518298
2012-01-01,273338.50836598815,2012,153093.0,X3,North America,20.593630885518298
2013-01-01,272736.22145192645,2013,287356.0,X3,North America,20.593630885518298
2014-01-01,272135.5801227203,2014,244352.0,X3,North America,20.593630885518298
2015-01-01,271534.94045811624,2015,266506.0,X3,North America,20.593630885518298
2016-01-01,270934.3008269458,2016,304040.0,X3,North America,20.593630885518298
2017-01-01,270332.0155737801,2017,247858.0,X3,North America,20.593630885518298
2018-01-01,269731.3758878984,2018,262560.0,X3,North America,20.593630885518298
2019-01-01,269130.7362169997,2019,296354.0,X3,North America,20.593630885518298
2020-01-01,268530.0965526149,2020,273794.0,X3,North America,20.593630885518298
2021-01-01,267927.8113020734,2021,178198.0,X3,North America,20.593630885518298
2022-01-01,267327.17167312605,2022,299089.0,X3,North America,20.593630885518298
2023-01-01,266726.53204417863,2023,308777.0,X3,North America,20.593630885518298
2024-01-01,266125.8924152312,2024,270665.0,X3,North America,20.593630885518298
2025-01-01,265523.60719825927,2025,,X3,North America,20.593630885518298
2026-01-01,264922.96756931185,2026,,X3,North America,20.593630885518298
2027-01-01,264322.3279403645,2027,,X3,North America,20.593630885518298
2028-01-01,263721.68831141706,2028,,X3,North America,20.593630885518298
2029-01-01,263119.4030944452,2029,,X3,North America,20.593630885518298
2010-01-01,229835.68891104,2010,190043.0,X3,South America,10.816935499866991
2011-01-01,232258.62956835816,2011,206127.0,X3,South America,10.816935499866991
2012-01-01,234681.57022314172,2012,333627.0,X3,South America,10.816935499866991
2013-01-01,237111.1490681565,2013,197429.0,X3,South America,10.816935499866991
2014-01-01,239534.08972039685,2014,200440.0,X3,South America,10.816935499866991
2015-01-01,241957.03036995087,2015,252155.0,X3,South America,10.816935499866991
2016-01-01,244379.971016924,2016,335184.0,X3,South America,10.816935499866991
2017-01-01,246809.54985726194,2017,246048.0,X3,South America,10.816935499866991
2018-01-01,249232.49050359818,2018,170331.0,X3,South America,10.816935499866991
2019-01-01,251655.43114966535,2019,290742.0,X3,South America,10.816935499866991
2020-01-01,254078.37179798417,2020,255981.0,X3,South America,10.816935499866991
2021-01-01,256507.95064285977,2021,271922.0,X3,South America,10.816935499866991
2022-01-01,258930.89128981932,2022,224099.0,X3,South America,10.816935499866991
2023-01-01,261353.83193677888,2023,256972.0,X3,South America,10.816935499866991
2024-01-01,263776.77258373844,2024,268823.0,X3,South America,10.816935499866991
2025-01-01,266206.35142425133,2025,,X3,South America,10.816935499866991
2026-01-01,268629.2920712109,2026,,X3,South America,10.816935499866991
2027-01-01,271052.2327181705,2027,,X3,South America,10.816935499866991
2028-01-01,273475.1733651301,2028,,X3,South America,10.816935499866991
2029-01-01,275904.752205643,2029,,X3,South America,10.816935499866991
2010-01-01,262556.22390288,2010,292503.0,X5,Africa,8.960642326477137
2011-01-01,262898.70890221314,2011,201499.0,X5,Africa,8.960642326477137
2012-01-01,263241.19389196136,2012,261367.0,X5,Africa,8.960642326477137
2013-01-01,263584.61719422694,2013,294999.0,X5,Africa,8.960642326477137
2014-01-01,263927.1021804304,2014,255786.0,X5,Africa,8.960642326477137
2015-01-01,264269.5871717583,2015,237580.0,X5,Africa,8.960642326477137
2016-01-01,264612.07216401567,2016,361604.0,X5,Africa,8.960642326477137
2017-01-01,264955.4954751925,2017,236801.0,X5,Africa,8.960642326477137
2018-01-01,265297.9804765456,2018,280673.0,X5,Africa,8.960642326477137
2019-01-01,265640.46548672026,2019,199667.0,X5,Africa,8.960642326477137
2020-01-01,265982.95049618185,2020,270291.0,X5,Africa,8.960642326477137
2021-01-01,266326.373817147,2021,244643.0,X5,Africa,8.960642326477137
2022-01-01,266668.85883017775,2022,297122.0,X5,Africa,8.960642326477137
2023-01-01,267011.34384320857,2023,282944.0,X5,Africa,8.960642326477137
2024-01-01,267353.8288562393,2024,255062.0,X5,Africa,8.960642326477137
2025-01-01,267697.2521843743,2025,,X5,Africa,8.960642326477137
2026-01-01,268039.73719740513,2026,,X5,Africa,8.960642326477137
2027-01-01,268382.2222104359,2027,,X5,Africa,8.960642326477137
2028-01-01,268724.7072234667,2028,,X5,Africa,8.960642326477137
2029-01-01,269068.1305516017,2029,,X5,Africa,8.960642326477137
2010-01-01,250946.37172137,2010,289854.0,X5,Asia,17.461699801340373
2011-01-01,250763.00975603197,2011,264737.0,X5,Asia,17.461699801340373
2012-01-01,250579.64779741227,2012,160195.0,X5,Asia,17.461699801340373
2013-01-01,250395.78347822634,2013,207756.0,X5,Asia,17.461699801340373
2014-01-01,250212.42151342888,2014,294514.0,X5,Asia,17.461699801340373
2015-01-01,250029.05955691918,2015,288362.0,X5,Asia,17.461699801340373
2016-01-01,249845.69760105526,2016,258641.0,X5,Asia,17.461699801340373
2017-01-01,249661.83327738554,2017,231633.0,X5,Asia,17.461699801340373
2018-01-01,249478.4713174559,2018,254505.0,X5,Asia,17.461699801340373
2019-01-01,249295.10935598024,2019,274221.0,X5,Asia,17.461699801340373
2020-01-01,249111.7473989554,2020,252499.0,X5,Asia,17.461699801340373
2021-01-01,248927.88308611762,2021,193039.0,X5,Asia,17.461699801340373
2022-01-01,248744.52113047615,2022,343599.0,X5,Asia,17.461699801340373
2023-01-01,248561.15917483464,2023,196405.0,X5,Asia,17.461699801340373
2024-01-01,248377.79721919313,2024,238776.0,X5,Asia,17.461699801340373
2025-01-01,248193.93290202934,2025,,X5,Asia,17.461699801340373
2026-01-01,248010.5709463878,2026,,X5,Asia,17.461699801340373
2027-01-01,247827.2089907463,2027,,X5,Asia,17.461699801340373
2028-01-01,247643.8470351048,2028,,X5,Asia,17.461699801340373
2029-01-01,247459.982717941,2029,,X5,Asia,17.461699801340373
2010-01-01,262853.48237631,2010,210589.0,X5,Europe,45.878082788138805
2011-01-01,260430.58294830317,2011,285667.0,X5,Europe,45.878082788138805
2012-01-01,258007.68352296733,2012,300652.0,X5,Europe,45.878082788138805
2013-01-01,255578.14602031084,2013,237491.0,X5,Europe,45.878082788138805
2014-01-01,253155.24659849526,2014,229309.0,X5,Europe,45.878082788138805
2015-01-01,250732.347177771,2015,192761.0,X5,Europe,45.878082788138805
2016-01-01,248309.44775757138,2016,290913.0,X5,Europe,45.878082788138805
2017-01-01,245879.9102596599,2017,276778.0,X5,Europe,45.878082788138805
2018-01-01,243457.01084104352,2018,199906.0,X5,Europe,45.878082788138805
2019-01-01,241034.11141815697,2019,298731.0,X5,Europe,45.878082788138805
2020-01-01,238611.2119972898,2020,302673.0,X5,Europe,45.878082788138805
2021-01-01,236181.67449523578,2021,273474.0,X5,Europe,45.878082788138805
2022-01-01,233758.7750714501,2022,214280.0,X5,Europe,45.878082788138805
2023-01-01,231335.87564766445,2023,166113.0,X5,Europe,45.878082788138805
2024-01-01,228912.97622387882,2024,208801.0,X5,Europe,45.878082788138805
2025-01-01,226483.43871948004,2025,,X5,Europe,45.878082788138805
2026-01-01,224060.53929569438,2026,,X5,Europe,45.878082788138805
2027-01-01,221637.63987190876,2027,,X5,Europe,45.878082788138805
2028-01-01,219214.7404481231,2028,,X5,Europe,45.878082788138805
2029-01-01,216785.20294372435,2029,,X5,Europe,45.878082788138805
2010-01-01,254133.547077,2010,186933.0,X5,Middle East,8.057019382479478
2011-01-01,255409.26635418594,2011,237925.0,X5,Middle East,8.057019382479478
2012-01-01,256684.9856289737,2012,332354.0,X5,Middle East,8.057019382479478
2013-01-01,257964.20002102442,2013,261039.0,X5,Middle East,8.057019382479478
2014-01-01,259239.91929593898,2014,333075.0,X5,Middle East,8.057019382479478
2015-01-01,260515.6385663134,2015,255498.0,X5,Middle East,8.057019382479478
2016-01-01,261791.35783245566,2016,176936.0,X5,Middle East,8.057019382479478
2017-01-01,263070.5722224598,2017,274513.0,X5,Middle East,8.057019382479478
2018-01-01,264346.2914929035,2018,306025.0,X5,Middle East,8.057019382479478
2019-01-01,265622.0107602497,2019,270415.0,X5,Middle East,8.057019382479478
2020-01-01,266897.7300230942,2020,233923.0,X5,Middle East,8.057019382479478
2021-01-01,268176.9444031928,2021,243688.0,X5,Middle East,8.057019382479478
2022-01-01,269452.6636663824,2022,312435.0,X5,Middle East,8.057019382479478
2023-01-01,270728.3829295719,2023,250058.0,X5,Middle East,8.057019382479478
2024-01-01,272004.10219276143,2024,271392.0,X5,Middle East,8.057019382479478
2025-01-01,273283.31657722004,2025,,X5,Middle East,8.057019382479478
2026-01-01,274559.0358404096,2026,,X5,Middle East,8.057019382479478
2027-01-01,275834.75510359916,2027,,X5,Middle East,8.057019382479478
2028-01-01,277110.47436678875,2028,,X5,Middle East,8.057019382479478
2029-01-01,278389.6887512473,2029,,X5,Middle East,8.057019382479478
2010-01-01,234053.41001819,2010,257849.0,X5,North America,8.591851445854616
2011-01-01,236293.0850843975,2011,207639.0,X5,North America,8.591851445854616
2012-01-01,238532.76015495957,2012,239719.0,X5,North America,8.591851445854616
2013-01-01,240778.5713251074,2013,251995.0,X5,North America,8.591851445854616
2014-01-01,243018.24640016377,2014,258366.0,X5,North America,8.591851445854616
2015-01-01,245257.9214740325,2015,248066.0,X5,North America,8.591851445854616
2016-01-01,247497.59655175303,2016,217853.0,X5,North America,8.591851445854616
2017-01-01,249743.4077252269,2017,227798.0,X5,North America,8.591851445854616
2018-01-01,251983.0828045558,2018,204953.0,X5,North America,8.591851445854616
2019-01-01,254222.75788626517,2019,348613.0,X5,North America,8.591851445854616
2020-01-01,256462.43296569557,2020,220666.0,X5,North America,8.591851445854616
2021-01-01,258708.2441390846,2021,239414.0,X5,North America,8.591851445854616
2022-01-01,260947.91921269576,2022,324103.0,X5,North America,8.591851445854616
2023-01-01,263187.59428630694,2023,248222.0,X5,North America,8.591851445854616
2024-01-01,265427.2693599181,2024,248963.0,X5,North America,8.591851445854616
2025-01-01,267673.08052962134,2025,,X5,North America,8.591851445854616
2026-01-01,269912.75560323254,2026,,X5,North America,8.591851445854616
2027-01-01,272152.4306768437,2027,,X5,North America,8.591851445854616
2028-01-01,274392.1057504549,2028,,X5,North America,8.591851445854616
2029-01-01,276637.9169201581,2029,,X5,North America,8.591851445854616
2010-01-01,253334.92184208,2010,278276.0,X5,South America,30.137169025685722
2011-01-01,251524.14784123626,2011,230488.0,X5,South America,30.137169025685722
2012-01-01,249713.37384165358,2012,205886.0,X5,South America,30.137169025685722
2013-01-01,247897.6388155331,2013,217784.0,X5,South America,30.137169025685722
2014-01-01,246086.86481600787,2014,305616.0,X5,South America,30.137169025685722
2015-01-01,244276.09081803425,2015,254975.0,X5,South America,30.137169025685722
2016-01-01,242465.3168204265,2016,218034.0,X5,South America,30.137169025685722
2017-01-01,240649.5817982815,2017,252238.0,X5,South America,30.137169025685722
2018-01-01,238838.8077993181,2018,251203.0,X5,South America,30.137169025685722
2019-01-01,237028.03379663845,2019,278850.0,X5,South America,30.137169025685722
2020-01-01,235217.25979472784,2020,201490.0,X5,South America,30.137169025685722
2021-01-01,233401.5247667656,2021,233288.0,X5,South America,30.137169025685722
2022-01-01,231590.7507639683,2022,305307.0,X5,South America,30.137169025685722
2023-01-01,229779.976761171,2023,140787.0,X5,South America,30.137169025685722
2024-01-01,227969.20275837372,2024,235684.0,X5,South America,30.137169025685722
2025-01-01,226153.46773091122,2025,,X5,South America,30.137169025685722
2026-01-01,224342.69372811393,2026,,X5,South America,30.137169025685722
2027-01-01,222531.91972531663,2027,,X5,South America,30.137169025685722
2028-01-01,220721.14572251932,2028,,X5,South America,30.137169025685722
2029-01-01,218905.41069505684,2029,,X5,South America,30.137169025685722
2010-01-01,217053.33277709997,2010,196806.0,X6,Africa,16.24514744707171
2011-01-01,220603.0494875011,2011,244384.0,X6,Africa,16.24514744707171
2012-01-01,224152.76619725773,2012,232551.0,X6,Africa,16.24514744707171
2013-01-01,227712.20815963496,2013,276442.0,X6,Africa,16.24514744707171
2014-01-01,231261.9248686294,2014,212581.0,X6,Africa,16.24514744707171
2015-01-01,234811.6415783903,2015,162325.0,X6,Africa,16.24514744707171
2016-01-01,238361.35829017207,2016,295666.0,X6,Africa,16.24514744707171
2017-01-01,241920.80025323623,2017,199754.0,X6,Africa,16.24514744707171
2018-01-01,245470.51696319654,2018,248473.0,X6,Africa,16.24514744707171
2019-01-01,249020.23367625492,2019,274576.0,X6,Africa,16.24514744707171
2020-01-01,252569.95038975947,2020,199064.0,X6,Africa,16.24514744707171
2021-01-01,256129.3923546101,2021,226770.0,X6,Africa,16.24514744707171
2022-01-01,259679.10906601086,2022,341470.0,X6,Africa,16.24514744707171
2023-01-01,263228.8257774116,2023,279247.0,X6,Africa,16.24514744707171
2024-01-01,266778.5424888123,2024,240058.0,X6,Africa,16.24514744707171
2025-01-01,270337.9844514771,2025,,X6,Africa,16.24514744707171
2026-01-01,273887.7011628778,2026,,X6,Africa,16.24514744707171
2027-01-01,277437.4178742785,2027,,X6,Africa,16.24514744707171
2028-01-01,280987.1345856793,2028,,X6,Africa,16.24514744707171
2029-01-01,284546.5765483441,2029,,X6,Africa,16.24514744707171
2010-01-01,244084.24920159,2010,241976.0,X6,Asia,34.25527605586484
2011-01-01,244976.70642888642,2011,165976.0,X6,Asia,34.25527605586484
2012-01-01,245869.1636598615,2012,228010.0,X6,Asia,34.25527605586484
2013-01-01,246764.0659740751,2013,300517.0,X6,Asia,34.25527605586484
2014-01-01,247656.5231966994,2014,357147.0,X6,Asia,34.25527605586484
2015-01-01,248548.98042000094,2015,280786.0,X6,Asia,34.25527605586484
2016-01-01,249441.43764242873,2016,245922.0,X6,Asia,34.25527605586484
2017-01-01,250336.3399504051,2017,289332.0,X6,Asia,34.25527605586484
2018-01-01,251228.7971733249,2018,193219.0,X6,Asia,34.25527605586484
2019-01-01,252121.254395945,2019,260704.0,X6,Asia,34.25527605586484
2020-01-01,253013.71161916156,2020,131804.0,X6,Asia,34.25527605586484
2021-01-01,253908.61392864573,2021,169873.0,X6,Asia,34.25527605586484
2022-01-01,254801.07115149777,2022,284674.0,X6,Asia,34.25527605586484
2023-01-01,255693.52837434984,2023,294920.0,X6,Asia,34.25527605586484
2024-01-01,256585.9855972019,2024,311214.0,X6,Asia,34.25527605586484
2025-01-01,257480.88790833575,2025,,X6,Asia,34.25527605586484
2026-01-01,258373.34513118782,2026,,X6,Asia,34.25527605586484
2027-01-01,259265.80235403992,2027,,X6,Asia,34.25527605586484
2028-01-01,260158.259576892,2028,,X6,Asia,34.25527605586484
2029-01-01,261053.16188802582,2029,,X6,Asia,34.25527605586484
2010-01-01,239270.4275514,2010,231000.0,X6,Europe,15.190564970829012
2011-01-01,241016.89690260595,2011,338476.0,X6,Europe,15.190564970829012
2012-01-01,242763.36626234648,2012,241396.0,X6,Europe,15.190564970829012
2013-01-01,244514.62047415125,2013,210000.0,X6,Europe,15.190564970829012
2014-01-01,246261.08984086363,2014,225671.0,X6,Europe,15.190564970829012
2015-01-01,248007.55920341559,2015,222602.0,X6,Europe,15.190564970829012
2016-01-01,249754.0285610584,2016,236668.0,X6,Europe,15.190564970829012
2017-01-01,251505.2827638075,2017,163376.0,X6,Europe,15.190564970829012
2018-01-01,253251.75212371277,2018,300076.0,X6,Europe,15.190564970829012
2019-01-01,254998.22148646446,2019,268437.0,X6,Europe,15.190564970829012
2020-01-01,256744.69085070596,2020,247978.0,X6,Europe,15.190564970829012
2021-01-01,258495.945053982,2021,310607.0,X6,Europe,15.190564970829012
2022-01-01,260242.4144141217,2022,249966.0,X6,Europe,15.190564970829012
2023-01-01,261988.88377426149,2023,210923.0,X6,Europe,15.190564970829012
2024-01-01,263735.35313440126,2024,315343.0,X6,Europe,15.190564970829012
2025-01-01,265486.607342103,2025,,X6,Europe,15.190564970829012
2026-01-01,267233.0767022428,2026,,X6,Europe,15.190564970829012
2027-01-01,268979.5460623825,2027,,X6,Europe,15.190564970829012
2028-01-01,270726.0154225222,2028,,X6,Europe,15.190564970829012
2029-01-01,272477.26963022404,2029,,X6,Europe,15.190564970829012
2010-01-01,202034.17623600003,2010,206383.0,X6,Middle East,15.48836494732582
2011-01-01,209056.96303694072,2011,224038.0,X6,Middle East,15.48836494732582
2012-01-01,216079.74984850487,2012,255454.0,X6,Middle East,15.48836494732582
2013-01-01,223121.77718879588,2013,214144.0,X6,Middle East,15.48836494732582
2014-01-01,230144.56400657893,2014,213226.0,X6,Middle East,15.48836494732582
2015-01-01,237167.35083950462,2015,278814.0,X6,Middle East,15.48836494732582
2016-01-01,244190.13768731238,2016,170080.0,X6,Middle East,15.48836494732582
2017-01-01,251232.1650478079,2017,280738.0,X6,Middle East,15.48836494732582
2018-01-01,258254.95189230636,2018,232950.0,X6,Middle East,15.48836494732582
2019-01-01,265277.7387494319,2019,212426.0,X6,Middle East,15.48836494732582
2020-01-01,272300.5256300532,2020,301091.0,X6,Middle East,15.48836494732582
2021-01-01,279342.5530124969,2021,285284.0,X6,Middle East,15.48836494732582
2022-01-01,286365.33990221476,2022,234985.0,X6,Middle East,15.48836494732582
2023-01-01,293388.1267919325,2023,298603.0,X6,Middle East,15.48836494732582
2024-01-01,300410.9136816504,2024,369172.0,X6,Middle East,15.48836494732582
2025-01-01,307452.9410833948,2025,,X6,Middle East,15.48836494732582
2026-01-01,314475.72797311266,2026,,X6,Middle East,15.48836494732582
2027-01-01,321498.5148628304,2027,,X6,Middle East,15.48836494732582
2028-01-01,328521.3017525483,2028,,X6,Middle East,15.48836494732582
2029-01-01,335563.32915429265,2029,,X6,Middle East,15.48836494732582
2010-01-01,222918.1596474,2010,261542.0,X6,North America,14.717773802202455
2011-01-01,226324.42212233026,2011,251222.0,X6,North America,14.717773802202455
2012-01-01,229730.68460163515,2012,191149.0,X6,North America,14.717773802202455
2013-01-01,233146.2793026196,2013,233002.0,X6,North America,14.717773802202455
2014-01-01,236552.54178327907,2014,268263.0,X6,North America,14.717773802202455
2015-01-01,239958.80426500845,2015,226244.0,X6,North America,14.717773802202455
2016-01-01,243365.0667442087,2016,148247.0,X6,North America,14.717773802202455
2017-01-01,246780.66145590416,2017,171043.0,X6,North America,14.717773802202455
2018-01-01,250186.9239461961,2018,270691.0,X6,North America,14.717773802202455
2019-01-01,253593.186438493,2019,346070.0,X6,North America,14.717773802202455
2020-01-01,256999.44893084295,2020,289391.0,X6,North America,14.717773802202455
2021-01-01,260415.04364476437,2021,268134.0,X6,North America,14.717773802202455
2022-01-01,263821.306130449,2022,280904.0,X6,North America,14.717773802202455
2023-01-01,267227.5686161336,2023,201990.0,X6,North America,14.717773802202455
2024-01-01,270633.8311018182,2024,294142.0,X6,North America,14.717773802202455
2025-01-01,274049.425813491,2025,,X6,North America,14.717773802202455
2026-01-01,277455.6882991756,2026,,X6,North America,14.717773802202455
2027-01-01,280861.9507848602,2027,,X6,North America,14.717773802202455
2028-01-01,284268.2132705448,2028,,X6,North America,14.717773802202455
2029-01-01,287683.8079822175,2029,,X6,North America,14.717773802202455
2010-01-01,248006.89974726,2010,313167.0,X6,South America,7.9946245428878555
2011-01-01,250906.84249628836,2011,215095.0,X6,South America,7.9946245428878555
2012-01-01,253806.7852381405,2012,249113.0,X6,South America,7.9946245428878555
2013-01-01,256714.673030193,2013,271060.0,X6,South America,7.9946245428878555
2014-01-01,259617.6980850168,2014,272066.0,X6,South America,7.9946245428878555
2015-01-01,262520.7231438976,2015,235212.0,X6,South America,7.9946245428878555
2016-01-01,265423.7482056477,2016,227122.0,X6,South America,7.9946245428878555
2017-01-01,268334.726760668,2017,264556.0,X6,South America,7.9946245428878555
2018-01-01,271237.75181829964,2018,240020.0,X6,South America,7.9946245428878555
2019-01-01,274140.77687286463,2019,274760.0,X6,South America,7.9946245428878555
2020-01-01,277043.80192113813,2020,273318.0,X6,South America,7.9946245428878555
2021-01-01,279954.7804655921,2021,301393.0,X6,South America,7.9946245428878555
2022-01-01,282857.8055091364,2022,309700.0,X6,South America,7.9946245428878555
2023-01-01,285760.8305526807,2023,270755.0,X6,South America,7.9946245428878555
2024-01-01,288663.855596225,2024,306467.0,X6,South America,7.9946245428878555
2025-01-01,291574.8341330393,2025,,X6,South America,7.9946245428878555
2026-01-01,294477.8591765836,2026,,X6,South America,7.9946245428878555
2027-01-01,297380.88422012795,2027,,X6,South America,7.9946245428878555
2028-01-01,300283.90926367225,2028,,X6,South America,7.9946245428878555
2029-01-01,303194.8878004865,2029,,X6,South America,7.9946245428878555
2010-01-01,272827.99605109997,2010,324310.0,i3,Africa,12.154428556925192
2011-01-01,271627.5590274431,2011,213132.0,i3,Africa,12.154428556925192
2012-01-01,270427.12200097216,2012,303524.0,i3,Africa,12.154428556925192
2013-01-01,269223.39610926696,2013,213909.0,i3,Africa,12.154428556925192
2014-01-01,268022.95908243593,2014,297757.0,i3,Africa,12.154428556925192
2015-01-01,266822.5220547099,2015,303854.0,i3,Africa,12.154428556925192
2016-01-01,265622.0850245831,2016,275925.0,i3,Africa,12.154428556925192
2017-01-01,264418.35912673693,2017,236633.0,i3,Africa,12.154428556925192
2018-01-01,263217.92209825333,2018,222909.0,i3,Africa,12.154428556925192
2019-01-01,262017.48506804067,2019,280028.0,i3,Africa,12.154428556925192
2020-01-01,260817.0480382929,2020,198216.0,i3,Africa,12.154428556925192
2021-01-01,259613.32213984075,2021,319206.0,i3,Africa,12.154428556925192
2022-01-01,258412.88510629637,2022,216949.0,i3,Africa,12.154428556925192
2023-01-01,257212.448072752,2023,305923.0,i3,Africa,12.154428556925192
2024-01-01,256012.01103920766,2024,255008.0,i3,Africa,12.154428556925192
2025-01-01,254808.28513707826,2025,,i3,Africa,12.154428556925192
2026-01-01,253607.84810353388,2026,,i3,Africa,12.154428556925192
2027-01-01,252407.41106998955,2027,,i3,Africa,12.154428556925192
2028-01-01,251206.97403644517,2028,,i3,Africa,12.154428556925192
2029-01-01,250003.24813431577,2029,,i3,Africa,12.154428556925192
2010-01-01,284156.43408783,2010,300922.0,i3,Asia,19.516585861309096
2011-01-01,279113.12894942827,2011,293303.0,i3,Asia,19.516585861309096
2012-01-01,274069.8238085584,2012,309249.0,i3,Asia,19.516585861309096
2013-01-01,269012.70139003353,2013,261781.0,i3,Asia,19.516585861309096
2014-01-01,263969.39625481935,2014,250369.0,i3,Asia,19.516585861309096
2015-01-01,258926.09112624289,2015,190207.0,i3,Asia,19.516585861309096
2016-01-01,253882.78600666244,2016,257597.0,i3,Asia,19.516585861309096
2017-01-01,248825.66361931022,2017,232795.0,i3,Asia,19.516585861309096
2018-01-01,243782.35851534453,2018,259199.0,i3,Asia,19.516585861309096
2019-01-01,238739.05342091434,2019,272946.0,i3,Asia,19.516585861309096
2020-01-01,233695.74832965035,2020,195561.0,i3,Asia,19.516585861309096
2021-01-01,228638.6259681656,2021,230609.0,i3,Asia,19.516585861309096
2022-01-01,223595.3208861961,2022,249660.0,i3,Asia,19.516585861309096
2023-01-01,218552.0158042266,2023,172546.0,i3,Asia,19.516585861309096
2024-01-01,213508.7107222571,2024,262474.0,i3,Asia,19.516585861309096
2025-01-01,208451.5883660904,2025,,i3,Asia,19.516585861309096
2026-01-01,203408.28328412093,2026,,i3,Asia,19.516585861309096
2027-01-01,198364.9782021514,2027,,i3,Asia,19.516585861309096
2028-01-01,193321.67312018192,2028,,i3,Asia,19.516585861309096
2029-01-01,188264.55076401524,2029,,i3,Asia,19.516585861309096
2010-01-01,261382.94635478998,2010,256221.0,i3,Europe,13.246619279733265
2011-01-01,261685.0735163911,2011,248684.0,i3,Europe,13.246619279733265
2012-01-01,261987.20068909074,2012,291082.0,i3,Europe,13.246619279733265
2013-01-01,262290.15560241207,2013,237831.0,i3,Europe,13.246619279733265
2014-01-01,262592.2827540678,2014,239126.0,i3,Europe,13.246619279733265
2015-01-01,262894.4099145443,2015,290570.0,i3,Europe,13.246619279733265
2016-01-01,263196.53707762546,2016,213015.0,i3,Europe,13.246619279733265
2017-01-01,263499.4919797769,2017,295914.0,i3,Europe,13.246619279733265
2018-01-01,263801.6191501144,2018,278149.0,i3,Europe,13.246619279733265
2019-01-01,264103.7454643261,2019,314119.0,i3,Europe,13.246619279733265
2020-01-01,264405.8717787725,2020,276716.0,i3,Europe,13.246619279733265
2021-01-01,264708.8258230175,2021,254690.0,i3,Europe,13.246619279733265
2022-01-01,265010.95210953534,2022,274206.0,i3,Europe,13.246619279733265
2023-01-01,265313.07839605317,2023,227938.0,i3,Europe,13.246619279733265
2024-01-01,265615.204682571,2024,255996.0,i3,Europe,13.246619279733265
2025-01-01,265918.15871233953,2025,,i3,Europe,13.246619279733265
2026-01-01,266220.2849988573,2026,,i3,Europe,13.246619279733265
2027-01-01,266522.4112853751,2027,,i3,Europe,13.246619279733265
2028-01-01,266824.53757189296,2028,,i3,Europe,13.246619279733265
2029-01-01,267127.49160166155,2029,,i3,Europe,13.246619279733265
2010-01-01,259255.28652603002,2010,266985.0,i3,Middle East,12.64267565881335
2011-01-01,258796.12327920154,2011,236899.0,i3,Middle East,12.64267565881335
2012-01-01,258336.96004102647,2012,319251.0,i3,Middle East,12.64267565881335
2013-01-01,257876.53881759243,2013,261331.0,i3,Middle East,12.64267565881335
2014-01-01,257417.37557038246,2014,237811.0,i3,Middle East,12.64267565881335
2015-01-01,256958.21233322073,2015,232290.0,i3,Middle East,12.64267565881335
2016-01-01,256499.04908869686,2016,247255.0,i3,Middle East,12.64267565881335
2017-01-01,256038.6278549899,2017,263188.0,i3,Middle East,12.64267565881335
2018-01-01,255579.4645955483,2018,194303.0,i3,Middle East,12.64267565881335
2019-01-01,255120.30133957794,2019,316672.0,i3,Middle East,12.64267565881335
2020-01-01,254661.13808661173,2020,211416.0,i3,Middle East,12.64267565881335
2021-01-01,254200.7168521454,2021,297642.0,i3,Middle East,12.64267565881335
2022-01-01,253741.55360713974,2022,254643.0,i3,Middle East,12.64267565881335
2023-01-01,253282.390362134,2023,205735.0,i3,Middle East,12.64267565881335
2024-01-01,252823.22711712835,2024,295393.0,i3,Middle East,12.64267565881335
2025-01-01,252362.80589062948,2025,,i3,Middle East,12.64267565881335
2026-01-01,251903.64264562377,2026,,i3,Middle East,12.64267565881335
2027-01-01,251444.4794006181,2027,,i3,Middle East,12.64267565881335
2028-01-01,250985.31615561238,2028,,i3,Middle East,12.64267565881335
2029-01-01,250524.89492911354,2029,,i3,Middle East,12.64267565881335
2010-01-01,265906.26030064,2010,258581.0,i3,North America,11.767244774640522
2011-01-01,264810.0905467794,2011,283595.0,i3,North America,11.767244774640522
2012-01-01,263713.92079359485,2012,309167.0,i3,North America,11.767244774640522
2013-01-01,262614.74783780996,2013,247698.0,i3,North America,11.767244774640522
2014-01-01,261518.5780853377,2014,171715.0,i3,North America,11.767244774640522
2015-01-01,260422.40833276615,2015,281939.0,i3,North America,11.767244774640522
2016-01-01,259326.23858032917,2016,324124.0,i3,North America,11.767244774640522
2017-01-01,258227.06562387638,2017,254096.0,i3,North America,11.767244774640522
2018-01-01,257130.89587195523,2018,206517.0,i3,North America,11.767244774640522
2019-01-01,256034.7261212448,2019,239302.0,i3,North America,11.767244774640522
2020-01-01,254938.55637002722,2020,261532.0,i3,North America,11.767244774640522
2021-01-01,253839.38341363714,2021,258504.0,i3,North America,11.767244774640522
2022-01-01,252743.2136641081,2022,288531.0,i3,North America,11.767244774640522
2023-01-01,251647.04391457906,2023,220201.0,i3,North America,11.767244774640522
2024-01-01,250550.87416505,2024,266735.0,i3,North America,11.767244774640522
2025-01-01,249451.7012107277,2025,,i3,North America,11.767244774640522
2026-01-01,248355.53146119867,2026,,i3,North America,11.767244774640522
2027-01-01,247259.36171166957,2027,,i3,North America,11.767244774640522
2028-01-01,246163.19196214055,2028,,i3,North America,11.767244774640522
2029-01-01,245064.01900781825,2029,,i3,North America,11.767244774640522
2010-01-01,243011.87570985,2010,212382.0,i3,South America,5.919706223755639
2011-01-01,244105.77811311273,2011,250236.0,i3,South America,5.919706223755639
2012-01-01,245199.68051728225,2012,219875.0,i3,South America,5.919706223755639
2013-01-01,246296.57991491922,2013,273064.0,i3,South America,5.919706223755639
2014-01-01,247390.48231928705,2014,246340.0,i3,South America,5.919706223755639
2015-01-01,248484.384721722,2015,329185.0,i3,South America,5.919706223755639
2016-01-01,249578.28712586142,2016,289392.0,i3,South America,5.919706223755639
2017-01-01,250675.18652470422,2017,219985.0,i3,South America,5.919706223755639
2018-01-01,251769.08893030492,2018,191632.0,i3,South America,5.919706223755639
2019-01-01,252862.99133690557,2019,239519.0,i3,South America,5.919706223755639
2020-01-01,253956.8937424375,2020,240819.0,i3,South America,5.919706223755639
2021-01-01,255053.79314190627,2021,271638.0,i3,South America,5.919706223755639
2022-01-01,256147.69554717184,2022,249877.0,i3,South America,5.919706223755639
2023-01-01,257241.5979524374,2023,240275.0,i3,South America,5.919706223755639
2024-01-01,258335.50035770296,2024,285821.0,i3,South America,5.919706223755639
2025-01-01,259432.39975585966,2025,,i3,South America,5.919706223755639
2026-01-01,260526.30216112523,2026,,i3,South America,5.919706223755639
2027-01-01,261620.20456639075,2027,,i3,South America,5.919706223755639
2028-01-01,262714.1069716564,2028,,i3,South America,5.919706223755639
2029-01-01,263811.00636981305,2029,,i3,South America,5.919706223755639
2010-01-01,236069.85580073998,2010,220610.0,i8,Africa,11.719362803136619
2011-01-01,236509.47651897513,2011,279018.0,i8,Africa,11.719362803136619
2012-01-01,236949.09723451757,2012,269604.0,i8,Africa,11.719362803136619
2013-01-01,237389.92240586784,2013,223227.0,i8,Africa,11.719362803136619
2014-01-01,237829.54313544848,2014,201891.0,i8,Africa,11.719362803136619
2015-01-01,238269.16388265695,2015,213736.0,i8,Africa,11.719362803136619
2016-01-01,238708.78465418445,2016,242872.0,i8,Africa,11.719362803136619
2017-01-01,239149.60988913017,2017,178626.0,i8,Africa,11.719362803136619
2018-01-01,239589.2306740685,2018,254375.0,i8,Africa,11.719362803136619
2019-01-01,240028.85143082475,2019,265735.0,i8,Africa,11.719362803136619
2020-01-01,240468.47220504232,2020,267460.0,i8,Africa,11.719362803136619
2021-01-01,240909.29740039477,2021,245133.0,i8,Africa,11.719362803136619
2022-01-01,241348.91817287955,2022,258884.0,i8,Africa,11.719362803136619
2023-01-01,241788.53894536427,2023,264289.0,i8,Africa,11.719362803136619
2024-01-01,242228.15971784905,2024,201213.0,i8,Africa,11.719362803136619
2025-01-01,242668.98493080633,2025,,i8,Africa,11.719362803136619
2026-01-01,243108.6057032911,2026,,i8,Africa,11.719362803136619
2027-01-01,243548.22647577582,2027,,i8,Africa,11.719362803136619
2028-01-01,243987.8472482606,2028,,i8,Africa,11.719362803136619
2029-01-01,244428.6724612179,2029,,i8,Africa,11.719362803136619
2010-01-01,307823.82197419996,2010,273688.0,i8,Asia,17.44220979613327
2011-01-01,301714.82895059383,2011,253288.0,i8,Asia,17.44220979613327
2012-01-01,295605.83593019895,2012,281965.0,i8,Asia,17.44220979613327
2013-01-01,289480.1059379188,2013,337076.0,i8,Asia,17.44220979613327
2014-01-01,283371.1129073022,2014,273360.0,i8,Asia,17.44220979613327
2015-01-01,277262.11987135146,2015,264816.0,i8,Asia,17.44220979613327
2016-01-01,271153.12682746275,2016,296927.0,i8,Asia,17.44220979613327
2017-01-01,265027.39680578513,2017,365015.0,i8,Asia,17.44220979613327
2018-01-01,258918.4037478998,2018,323611.0,i8,Asia,17.44220979613327
2019-01-01,252809.41068616026,2019,243573.0,i8,Asia,17.44220979613327
2020-01-01,246700.4176215299,2020,208077.0,i8,Asia,17.44220979613327
2021-01-01,240574.68758427375,2021,173322.0,i8,Asia,17.44220979613327
2022-01-01,234465.69451788662,2022,289124.0,i8,Asia,17.44220979613327
2023-01-01,228356.70145149948,2023,192575.0,i8,Asia,17.44220979613327
2024-01-01,222247.70838511235,2024,199525.0,i8,Asia,17.44220979613327
2025-01-01,216121.97835142,2025,,i8,Asia,17.44220979613327
2026-01-01,210012.98528503286,2026,,i8,Asia,17.44220979613327
2027-01-01,203903.99221864578,2027,,i8,Asia,17.44220979613327
2028-01-01,197794.9991522586,2028,,i8,Asia,17.44220979613327
2029-01-01,191669.26911856636,2029,,i8,Asia,17.44220979613327
2010-01-01,268360.91249812,2010,377546.0,i8,Europe,11.595853662788524
2011-01-01,270103.86463481555,2011,212869.0,i8,Europe,11.595853662788524
2012-01-01,271846.8167726161,2012,249428.0,i8,Europe,11.595853662788524
2013-01-01,273594.5441201064,2013,252551.0,i8,Europe,11.595853662788524
2014-01-01,275337.49625590874,2014,234348.0,i8,Europe,11.595853662788524
2015-01-01,277080.44838874217,2015,309503.0,i8,Europe,11.595853662788524
2016-01-01,278823.4005197951,2016,260563.0,i8,Europe,11.595853662788524
2017-01-01,280571.12786147033,2017,288150.0,i8,Europe,11.595853662788524
2018-01-01,282314.07999777293,2018,273294.0,i8,Europe,11.595853662788524
2019-01-01,284057.0321343846,2019,301373.0,i8,Europe,11.595853662788524
2020-01-01,285799.9842717454,2020,241055.0,i8,Europe,11.595853662788524
2021-01-01,287547.7116184677,2021,286403.0,i8,Europe,11.595853662788524
2022-01-01,289290.66375793004,2022,310788.0,i8,Europe,11.595853662788524
2023-01-01,291033.61589739245,2023,309545.0,i8,Europe,11.595853662788524
2024-01-01,292776.5680368548,2024,294985.0,i8,Europe,11.595853662788524
2025-01-01,294524.2953876582,2025,,i8,Europe,11.595853662788524
2026-01-01,296267.2475271205,2026,,i8,Europe,11.595853662788524
2027-01-01,298010.1996665829,2027,,i8,Europe,11.595853662788524
2028-01-01,299753.15180604527,2028,,i8,Europe,11.595853662788524
2029-01-01,301500.87915684865,2029,,i8,Europe,11.595853662788524
2010-01-01,259801.52658093,2010,190720.0,i8,Middle East,16.202714929861003
2011-01-01,258406.547444207,2011,261314.0,i8,Middle East,16.202714929861003
2012-01-01,257011.56830792228,2012,235817.0,i8,Middle East,16.202714929861003
2013-01-01,255612.76730864233,2013,324279.0,i8,Middle East,16.202714929861003
2014-01-01,254217.78816801836,2014,258810.0,i8,Middle East,16.202714929861003
2015-01-01,252822.80902791818,2015,258213.0,i8,Middle East,16.202714929861003
2016-01-01,251427.8298817526,2016,278446.0,i8,Middle East,16.202714929861003
2017-01-01,250029.02887411416,2017,268203.0,i8,Middle East,16.202714929861003
2018-01-01,248634.0497240457,2018,280372.0,i8,Middle East,16.202714929861003
2019-01-01,247239.07057342687,2019,193525.0,i8,Middle East,16.202714929861003
2020-01-01,245844.09142419806,2020,277846.0,i8,Middle East,16.202714929861003
2021-01-01,244445.29041347982,2021,243148.0,i8,Middle East,16.202714929861003
2022-01-01,243050.31126349914,2022,231134.0,i8,Middle East,16.202714929861003
2023-01-01,241655.33211351853,2023,210992.0,i8,Middle East,16.202714929861003
2024-01-01,240260.35296353785,2024,237874.0,i8,Middle East,16.202714929861003
2025-01-01,238861.5519528723,2025,,i8,Middle East,16.202714929861003
2026-01-01,237466.57280289163,2026,,i8,Middle East,16.202714929861003
2027-01-01,236071.59365291096,2027,,i8,Middle East,16.202714929861003
2028-01-01,234676.61450293034,2028,,i8,Middle East,16.202714929861003
2029-01-01,233277.8134922648,2029,,i8,Middle East,16.202714929861003
2010-01-01,235069.03352879998,2010,285550.0,i8,North America,21.18284947942346
2011-01-01,239457.78615972627,2011,295729.0,i8,North America,21.18284947942346
2012-01-01,243846.53886681938,2012,230976.0,i8,North America,21.18284947942346
2013-01-01,248247.31548281686,2013,202504.0,i8,North America,21.18284947942346
2014-01-01,252636.06815442865,2014,232015.0,i8,North America,21.18284947942346
2015-01-01,257024.82088517144,2015,280673.0,i8,North America,21.18284947942346
2016-01-01,261413.5735664855,2016,286523.0,i8,North America,21.18284947942346
2017-01-01,265814.3502287197,2017,170360.0,i8,North America,21.18284947942346
2018-01-01,270203.1028956013,2018,240868.0,i8,North America,21.18284947942346
2019-01-01,274591.8556463195,2019,284871.0,i8,North America,21.18284947942346
2020-01-01,278980.6084171366,2020,224360.0,i8,North America,21.18284947942346
2021-01-01,283381.3851786655,2021,292310.0,i8,North America,21.18284947942346
2022-01-01,287770.1380400121,2022,289010.0,i8,North America,21.18284947942346
2023-01-01,292158.8909013586,2023,287165.0,i8,North America,21.18284947942346
2024-01-01,296547.64376270527,2024,384360.0,i8,North America,21.18284947942346
2025-01-01,300948.4206044939,2025,,i8,North America,21.18284947942346
2026-01-01,305337.17346584046,2026,,i8,North America,21.18284947942346
2027-01-01,309725.92632718704,2027,,i8,North America,21.18284947942346
2028-01-01,314114.6791885336,2028,,i8,North America,21.18284947942346
2029-01-01,318515.45603032224,2029,,i8,North America,21.18284947942346
2010-01-01,290064.7598924,2010,278451.0,i8,South America,16.374670198091387
2011-01-01,285970.3368139361,2011,245836.0,i8,South America,16.374670198091387
2012-01-01,281875.91375393746,2012,341083.0,i8,South America,16.374670198091387
2013-01-01,277770.27310256206,2013,274124.0,i8,South America,16.374670198091387
2014-01-01,273675.85006468155,2014,275096.0,i8,South America,16.374670198091387
2015-01-01,269581.42702373717,2015,326136.0,i8,South America,16.374670198091387
2016-01-01,265487.003964011,2016,285252.0,i8,South America,16.374670198091387
2017-01-01,261381.3632998938,2017,234814.0,i8,South America,16.374670198091387
2018-01-01,257286.9402239751,2018,251162.0,i8,South America,16.374670198091387
2019-01-01,253192.51714251674,2019,196309.0,i8,South America,16.374670198091387
2020-01-01,249098.09406500185,2020,224280.0,i8,South America,16.374670198091387
2021-01-01,244992.45338946147,2021,231500.0,i8,South America,16.374670198091387
2022-01-01,240898.03031902527,2022,213707.0,i8,South America,16.374670198091387
2023-01-01,236803.60724858908,2023,272490.0,i8,South America,16.374670198091387
2024-01-01,232709.1841781529,2024,270668.0,i8,South America,16.374670198091387
2025-01-01,228603.54351026347,2025,,i8,South America,16.374670198091387
2026-01-01,224509.12043982727,2026,,i8,South America,16.374670198091387
2027-01-01,220414.69736939104,2027,,i8,South America,16.374670198091387
2028-01-01,216320.27429895484,2028,,i8,South America,16.374670198091387
2029-01-01,212214.63363106546,2029,,i8,South America,16.374670198091387
